pair_id,dataset_folder,dhash,hamming_distance,group_size,pixel_identical,relative_path_a,sha256_a,pixel_sha256_a,dataset_folder_a,dhash_a,relative_path_b,sha256_b,pixel_sha256_b,dataset_folder_b,dhash_b,assessment,note
223da29a98abd11b,1,0e0f31294de9f999,0,10,False,1/img_049.jpg,f0395daafce37aa87ff9550600c291b053fcfdee1e22b8a365708cbf395e00d0,05bd6070725e968281ab2e02fb173c664f9a7be875af41139540e6b1a23db350,1,0e0f31294de9f999,1/img_164.jpg,fbb0f7ed65eb03cd93ca779ae1c9f55362638d22570190bd564ccc7491836f09,80d1614779a8bee8066926b64e5e288685b9bbddaf3231aae31749e20a2f0b6e,1,0e0f31294de9f999,OFFEN,
6329e8c8c910535e,1,1292c7c5c5d5d1f9,0,10,False,1/img_047.jpg,f4bcde1d8668be8347aa76c84f8cc8743a38990f68e398eecdfc35e444708d2e,a572d1d1bcdfb727e9b3975ce68a92a22d6df7a0e8d05d9d4a739a32aa132247,1,1292c7c5c5d5d1f9,1/img_072.jpg,e505faa77ac78e5e150a077b66727a867240c76c8f0e5232e01ed0bd9a08e752,e129377899f29512b13b60bb883b6c342d3100b37d2a148322926b6cd319d74a,1,1292c7c5c5d5d1f9,OFFEN,
8b337d4b9789d9bd,1,2f331b39616058c9,0,10,False,1/img_042.jpg,54a0bb231f0f8770bea9374ffecabc9db70059132943db68ef35e32365b76fc1,7903f00071eb24a00c8f12ab33a4ace21cf91cf8c541ac22aa1bea869e4fadb1,1,2f331b39616058c9,1/img_158.jpg,f594d76e91ba92651f57eb9b6f6cab25b1479cafaa35c614f99ecbe5f773fa18,5aa8c9c048785418ef2bf64448ae042cc0f6f48e57834fce0dd61c69296b6be5,1,2f331b39616058c9,OFFEN,
bd9b89bd7cd3a483,1,697371d3f371cc8c,0,10,False,1/img_097.jpg,d1c80b8431183265299e87b316c3065a362171d6ca1410158305beb79057a4d5,f55cbc78ae2cdbdf0d7c06d3675443995477fc18809758c4569ccabdb1dd4a27,1,697371d3f371cc8c,1/img_1044.jpg,5fa967653169069616a484df75cdf75142eb1fd5861dc766b3047704003e2c67,3dbc8399c40f2cdfe1e85df6a6df9a1f5ffe3e11a74e2d612eaf1b03720e97f2,1,697371d3f371cc8c,OFFEN,
5e9a3549cb228dcc,1,9617171793f96171,0,10,False,1/img_1057.jpg,d8d1c8d0f45b0691f86e14dc30197c20e40546d5a99b33b193c9e6b4e5e55f5a,f804f93be48a7c0a3b7a2f3918d663c171735163b7b0956518c4a7344351b589,1,9617171793f96171,1/img_110.jpg,be8cc903ab469d791e91748bf3c48c7aa7aa81ded1bc3e5ce403c9bf7e776aea,98f8965d373da70e2ec73c551d202204b9cae09e2ea69793a0fcd3740bd858d2,1,9617171793f96171,OFFEN,
1cbb156537ba1407,1,e683353569437138,0,10,False,1/img_056.jpg,a67fe6e7cdb9a5631fa6fb3ecdd7c5d1e55688eba0143acea68403e3cb0ca052,82a539a8112d12616dc78c45bf87886f580d1783047236094998ea75fbf0b762,1,e683353569437138,1/img_1001.jpg,079a8ca2eebefc6673af7630268c89157062673dfca05921bb8bf2b76325d679,56a7df3cf7a6fabd0f8c66f1498aaea9ef5b81795afaad28817ccda83239230e,1,e683353569437138,OFFEN,
5f1c0e994cda4206,215,0f132d0d46ce9696,0,10,False,215/img_090.jpg,217e2e9890e86e0cb703118dc982a0a28f7ebc74a362fa12ce2c119ad1e6508f,60bba898856813c62c2ad68aee94502829a9051581873b9d28e5e4c265064d26,215,0f132d0d46ce9696,215/img_202.jpg,13f41624af003d07c1207d61d82f374f82b800ff6971d830c705179c2d15d600,0996e9691a3c3e07ea5d4f16c4a70ad11952a2053efc91aedf4efd1f2bb911e1,215,0f132d0d46ce9696,OFFEN,
5971b1ba637c4280,215,0f2b3373e3694c6f,0,10,False,215/img_001.jpg,870910b8f1ba21da1472e5608315f36138afe9fc233abc344048230b155ac569,7b78f01011310302a8339b7cf638d8d3b9992bdfca2452247d50ef615dfd3081,215,0f2b3373e3694c6f,215/img_121.jpg,4495de07fceb5d7ff577d95e0c8d8d0a20bcf85d99fc818ecc6f3bc2ea293a96,46c2bcfd8454606752b18841949e023fbc1e555a1c978bc7f305b7fac1ecda5c,215,0f2b3373e3694c6f,OFFEN,
0ee37d5a38f2953e,215,2763734d6971f1e9,0,10,False,215/img_099.jpg,536264b2d38914bf5b93d61426d3a751d780909fed8385e3b3bdc734ea52f88d,4043fc2323dc8d46efb94aafb4242d44d60658ceee40488d0c10174a61336a8e,215,2763734d6971f1e9,215/img_1009.jpg,fe9c0749105c4257978b9bbf6589506df4e075bac2fd7f808646ffe1d862116e,d8326e1107cd4d066a34892fcedea50d2ea43c3d5997868ba0c8162bb12d7d12,215,2763734d6971f1e9,OFFEN,
7737a7ba3e06b337,215,861333133161d1b1,0,10,False,215/img_065.jpg,b274bc228ae61aa1617c36e9e8d45dc4eec87143128079705d85c07ed11f85e5,17fa455eab2039d60fd92f9f5cf90771963893ec2fe8b130f6bf54ccfd038550,215,861333133161d1b1,215/img_177.jpg,3885b71f59cec2ceaa5fb0e447e3258af7d20da1b53788a801bb7b44a8a34022,54351af20fce84f6116149f7b9ecef04c99d22a84b33e0ad5ec17417e90a8d51,215,861333133161d1b1,OFFEN,
a168424e05dbbd33,215,8f132b395959713b,0,10,False,215/img_027.jpg,74699820f8632e26f8bbb100a1cea3e4ed37ced42ba7ffd69a2761829b321935,289879ba8d457c1d7d75e7129a4740d3477a90725986e7a151ff5ab91843f1f2,215,8f132b395959713b,215/img_050.jpg,fa3364f8bbdada79eebb82abd6a1f51abbea192fde0785d6658938d7f62bc680,348efda981dcc6590a6afae50442726cb6571200f23821d2ea09d8b67689579e,215,8f132b395959713b,OFFEN,
a3788ec607569239,215,94b43434b1b13878,0,10,False,215/img_014.jpg,bd034c5afc7d92d058cc242b1b1d21350d12d0ce4f81bd0015866ccd6de32f7e,31ed4e5d711f8db5ecf292d6a81ddc3f6b76e3c6d6d3a9cf171402571848d062,215,94b43434b1b13878,215/img_129.jpg,ca8f187e32ecf7db636b75f5803f2af525a07b1c6b1e69ae3652ab301a5ca67a,b25d864fcaffe30093893520f4fb72a5fcb921ed5fd701c6c9e3223c9a01aefe,215,94b43434b1b13878,OFFEN,
cb38306e684592dd,215,c68f93393131ad38,0,10,False,215/img_018.jpg,8a2e6b0af7e10d868681779986bdd715d473658d350910cc33e8f164ca5e845d,58c556c5a0e82203318e824b907fb873165e385d2a712f658571f1ad8b2a3c33,215,c68f93393131ad38,215/img_119.jpg,ccf88ecf3e3b1dd844c7fd47b250c06e3c38b2e07d7b05b127a1c6c3555889ab,ef409b15ac15aaad77b509dc6f76d670d9bad0ea65aab0d90a5e4818428b223e,215,c68f93393131ad38,OFFEN,
315640925c09cce8,215,c6f6b6377371f8e8,0,10,False,215/img_004.jpg,86a9fd6295097ad34e6ad3f479d394851016833498496c7b5540176981de491a,a0ef54e862eaed5579af5ca44b5ca96d4684556b97f59c4b6b8ca2f4ec1b9c37,215,c6f6b6377371f8e8,215/img_104.jpg,b3aa820a8d23edcade8d00c441421b5e6c79c72cd5daa751129e91154d3037d5,3305e5922b37f5df9549d9078bbaa43ffb888ef06e92846528249d27268f17c4,215,c6f6b6377371f8e8,OFFEN,
08613808752bf38b,215,c71333333170e0cc,0,10,False,215/img_064.jpg,0cf9122d24abcacd45bf0ca61e7a51e58dc4b9c122aa57a0d2d20cd57534377f,d55e6eb3a1c2bb7b0ff71b3ba147651973831f0f81fab781264162c557262cf4,215,c71333333170e0cc,215/img_176.jpg,17b2209988c7814562b0ad37eb0355251c23d2df20e80932ffa21d75d4a4570a,54f0a3105e9d639425cfc691f1094da08709d3d2b14f502774959e6f79884dd9,215,c71333333170e0cc,OFFEN,
c154a2751fe98ea3,215,c89616363763c9e3,0,10,False,215/img_063.jpg,43a4f9bad6112a98bb45052120fb88f02b379f60e5f68eb6f2eb7db395d428d2,f234904dca55a89b84ccfaa22cfaf6a122408fcc3050133864aaa55568ab51da,215,c89616363763c9e3,215/img_174.jpg,8e84e8824a007dbd89c5bb0028a8c6ef877c0379f954d9a5f7faf0894e8a2723,14d4b1bffac7d5c5f81b172429a0bc46451550661b619cf90b0dcdfb7dfcb24e,215,c89616363763c9e3,OFFEN,
da815c71c706b125,215,cc2b276765627019,0,10,False,215/img_093.jpg,0cafdf924da44d1677bbabfd12fc8884f19d923f302ff28dfa2a2196d730ba06,3c6dc5d9bcc06d25edeaf36627c30531ce07d7e25871e6c437e0339692f7c9c6,215,cc2b276765627019,215/img_1003.jpg,57ae19ae863e29655ddd52ffe8dfb2515e5d0a4c3af1d7014dbb153d37eecf1f,13fedd04b10cd636910834dbf13f21d8c982ec4bb3a208ab82e0ef824f3d70fd,215,cc2b276765627019,OFFEN,
6197c72f0b949dc2,216,2b0b176d4d75490d,0,10,False,216/img_023.jpg,5621b4573b1bc81e6b0b1b6af5cca609ca78efa9bbd3d8cff17b0652ec46fdc1,2a04f686dcf11c447f76d72757236fb277ae508b981c5344655b77bcfc4a2516,216,2b0b176d4d75490d,216/img_135.jpg,86e37c45e9fce313939c96f6827a7f34537b71f65a5512c95e63389c772af30d,c04893c8891eac6139c4a1594e8ded0b992c66e5b121af83929ab0339ea89ec9,216,2b0b176d4d75490d,OFFEN,
2bf28feae66ed431,220,e6c79c3333397099,0,10,False,220/img_081.jpg,e466f80bcfd799077c3982641ed13be9f372c2a53992a3d5cafdcf5333720f61,339a22786d39fee1eae7f0586a1817e3d69ba32f2dd2192fea03df95d616ab81,220,e6c79c3333397099,220/img_1006.jpg,dc487b5c6bba0ecc2161ed916925b56425cb62ec77bb0eaaf4f5c566f5414bbb,fb061ebd56656290d1b38b2231b2c556b3f70ce5e7307440209f4a58a77ba747,220,e6c79c3333397099,OFFEN,
a66cca78819aa9eb,221,0799293133332d1f,0,10,False,221/img_060.jpg,fe68e71fbd938b50c6249a20eea01ad164607ae7005fe0b48f12108263aa7047,978292c6d9926afb104e3983d9262a6e1410b4701cad1f1c6ef592833ca47d5d,221,0799293133332d1f,221/img_174.jpg,9ce1e3ab70f6ae0fd76f2501ec21bcaf06f04b6d9e9a55acfc6328d22f3bdfc1,743547effe5f47ed852ec39a516659540d7807d20c0299542329f9b7380d955c,221,0799293133332d1f,OFFEN,
ece440ceaa7b8cf6,221,0e2b3373617998ce,0,10,False,221/img_018.jpg,2e8914532839bb9a0e6399e164fb1d8f21ee2d9855428a441bf8b2f72036997b,2583219a851bda223b3b9713c4b4a58d3b2f362de5370c3febf9fe81a84f6089,221,0e2b3373617998ce,221/img_123.jpg,60f1792ce0e7169bec81512da31ddc45621d7c1d039010a2922a78fd9c095885,873806ddd602685b057e2685f74ccd9257e4662e511fc4fcca6fe8903d3eacd2,221,0e2b3373617998ce,OFFEN,
4255b7cb4a6123a6,221,0f3b292736632b3b,0,10,False,221/img_037.jpg,31e2e94e046b040e76d643e2a22cfb06c231e90865ec684bbb81ded769bb8f1b,db372cbf95a564f4e67cf3c53f13f777a8e231e14018b7a74f3c524d229cebb7,221,0f3b292736632b3b,221/img_140.jpg,a0207ec9b851e69dd8b92872e717385db0ede0e35e4c690a5a767dac5013a466,92b608b3cad21de8714321df035e7b43d10dc543fbcd1851d168aafaee8da46f,221,0f3b292736632b3b,OFFEN,
685bf6cfe8952041,221,16332b2f53458c23,0,10,False,221/img_003.jpg,48473c0007be52f4c418428b05b19f504352114d7f9a8198a09e9cca8051ff2f,b582f367b616c0b481da16df6237ec0dee2de2f0a65d3b1e2205974df2ef9629,221,16332b2f53458c23,221/img_153.jpg,ddd34b6fdd1eac624a39199b4d817b0dfee97464553c00a77a90a5b1775fd4a0,407f95378b7514afe57577ea9ab8f6fe111a220432489d19e0786d5b714d53a3,221,16332b2f53458c23,OFFEN,
140d1b5adef15945,221,862333333333e1cc,0,10,False,221/img_094.jpg,c1d160be0f9350154150d20e819b8098006907d852cc08f86a8696a14c13862e,c3d1ffe0b66483fecc6f9299a9ecbf944ab315ab1f99fb1138c916eedc15f589,221,862333333333e1cc,221/img_1020.jpg,8ec7d24dcd1a563a6697311fe3d77a7fc93ce091c90d4b38609b9f0f23d735f7,8839fb3cdf07cd70d545d881df38a319b6e317a4e98aaa2ca2a28ca7d5211b4c,221,862333333333e1cc,OFFEN,
826ff2a7fc4039d7,221,8c0d377373b17165,0,10,False,221/img_088.jpg,0353f78106cd8091318c3eea2d017d1cf6de520e720d216d26cd77766d5f5914,64d8cbb1fa9a8e28c0755c012b2c812b5f74e26084cf48822d41cba99f5dfa9e,221,8c0d377373b17165,221/img_1015.jpg,7bddcdc2d8139baf51bb67b113a8d81a918d22abb351c870bb568489ebb247dd,ef3856554cce189ba663510c330811b58d510cfef98b0365bbd84cc5ce122029,221,8c0d377373b17165,OFFEN,
9415150b40673c3c,222,276b7b4d6971f1e9,0,10,False,222/img_038.jpg,f3fd58274541203932a98899b209bca9cdd997131b62c67701fae414ae8c687b,90b2c5b9ef730a5454cf08a1fb1ab64c8b20434f09318a94c3b58f6f7a781682,222,276b7b4d6971f1e9,222/img_133.jpg,c8f300a4dde4836780687c2ed0f07d412a2187fb96750803370e35208fc71fce,818bbe2a101c66dd0a23f57c3325908cd52e5d5922ca921bc97c94ecec7d581d,222,276b7b4d6971f1e9,OFFEN,
dca98b7dc2ae68db,222,2f3f7373f173d8dc,0,10,False,222/img_069.jpg,d0f19aad429209b405de63eb2cf29f4ce0d2e9619246d08b8bfc917a37529f13,87a642b2965a4da21cdec5249c652f21d65e72d8f86b7a58bebc3c8137958219,222,2f3f7373f173d8dc,222/img_1017.jpg,fae03e12ae74b9318d4c062ca440f01e14613e7c347a52ed308bcd26e4d25979,04f0055bd9257fd6651bf0a16976a8dcf199b67d48fa566d033bb2796d76a089,222,2f3f7373f173d8dc,OFFEN,
19abcc7e0489c29f,222,479317373330e0ec,0,10,False,222/img_093.jpg,b35ae633017ba1a8b6d166dc4fecabb7ed46ca7f43e1fcf5165c90765f88a810,33b896ea669f8b3f863737c29a870db562f556df144596677a14f77fed6d3400,222,479317373330e0ec,222/img_1047.jpg,2c325f8548b82300d60cf65810369525974c0a3515b055c7e9f3b73a8c587bf5,09638b0fad71be97d10e452d0bcd088157c10e6125882413aeff4d92316a4691,222,479317373330e0ec,OFFEN,
955599d8f75aae05,222,870b33133161d1b1,0,10,False,222/img_094.jpg,b683f07e8d23cda404bacd9ffceca72b63d204cf0a5abb92cedd19508332f7e7,f37c3ac26fd600758d5231a6bd9b20015394cf5f48845b28158e951b32f31250,222,870b33133161d1b1,222/img_1048.jpg,6c2719df7da74893e5b2a4fbcb30632761e706fd046672981d08cabecbee990b,fa4e66ec55736dd9c1d945bf18a516c4cb0ab7cbc56767f8e3b9dee7d876f4e9,222,870b33133161d1b1,OFFEN,
bb0f035755047c6f,223,071929393b33251f,0,10,False,223/img_030.jpg,246fb02a1384ab1ecfdfcaad035c9e100c3402a295d0502cfba6054d3700a742,b750da712a83280360b45718230792ecdb5f541ec56c8ea8d04b074722fb79de,223,071929393b33251f,223/img_144.jpg,19341f535157229c51540fa3d36405552fef8ef92b3835eb06a5210ec6453b85,3484d70393fbf4539db9c0956e4c2ff3d805e8f9c9845b3c9899039e2a1cfabb,223,071929393b33251f,OFFEN,
