relative_path,dataset_folder,filename,extension,file_size_bytes,readable,width,height,mode,format,sha256,pixel_sha256,dhash,brightness,edge_variance,error,sha256_group_size,pixel_sha256_group_size,decision,canonical_relative_path,use_for_model,dhash_group_size,split_group_id,character,verified,evidence,notes,category,vowel_target,consonant_target,group_id,split,vowel_display,consonant_display,mapping_status
3/img_284.jpg,3,img_284.jpg,.jpg,68268,True,640,480,RGB,JPEG,0018928ab17496639333e20c50da590cf6ea3e75583e18cd4b796d4f2d7ae86a,6121f3eb2d6af02e8fcfeabf93c6fccb9783b9e88dee8c079fba2363b0173b05,1f5d7d6575b66f7f,127.959228515625,1156.7867431640625,,1,1,KEEP,3/img_284.jpg,True,10,DHASH_3_1f5d7d6575b66f7f,இ,True,"TLFS23 Data in Brief, Table 1 / dataset documentation; checked against local folder structure.",,uyir,V03,FIST,DHASH_3_1f5d7d6575b66f7f,train,இ,FIST (Faust),zuvor bestaetigt
7/img_727.jpg,7,img_727.jpg,.jpg,32695,True,640,480,RGB,JPEG,002500c582b16326045f18cfe3f413503fb8c5fdabc11f1a28f9d2e7c1418bda,bd964cef045f2413b48f1f5716433a8a630638a83cd5e2cef41be7e5ea8599ca,0f3b2b6db3b12064,152.337890625,1329.298095703125,,1,1,KEEP,7/img_727.jpg,True,3,DHASH_7_0f3b2b6db3b12064,எ,True,"TLFS23 Data in Brief, Table 1 / dataset documentation; checked against local folder structure.",,uyir,V07,FIST,DHASH_7_0f3b2b6db3b12064,train,எ,FIST (Faust),zuvor bestaetigt
8/img_438.jpg,8,img_438.jpg,.jpg,37407,True,640,480,RGB,JPEG,0025259551fd931c6f3a05c45243d88bdbb811f5ed97994db3c60b37aca87cb5,4d0dfd683cc9e71451a666b3ac5c9f2b755e26f6f99eb42a2c59bbd31de6921c,3b2f716163f1b078,104.03857421875,1355.51953125,,1,1,KEEP,8/img_438.jpg,True,8,DHASH_8_3b2f716163f1b078,ஏ,True,"TLFS23 Data in Brief, Table 1 / dataset documentation; checked against local folder structure.",,uyir,V08,FIST,DHASH_8_3b2f716163f1b078,train,ஏ,FIST (Faust),zuvor bestaetigt
26/img_254.jpg,26,img_254.jpg,.jpg,31660,True,640,480,RGB,JPEG,000fbf1a4b59102ed2eddb57d81a5f994100ca648b5dca8373858fd3e0fc98da,e5d2c9a28580b1213e3377f68a65938ac0d13cfa278cb251212cf93da5dc9ce6,9e1f5b474faf2727,159.03466796875,609.9674072265625,,1,1,KEEP,26/img_254.jpg,True,9,DHASH_26_9e1f5b474faf2727,வ்,True,"TLFS23 Data in Brief, Table 1 / dataset documentation; checked against local folder structure.",,mei,FIST,C14,DHASH_26_9e1f5b474faf2727,train,FIST (Faust),வ்,zuvor bestaetigt
16/img_176.jpg,16,img_176.jpg,.jpg,30176,True,640,480,RGB,JPEG,001a55d54d89341919ab827a30df1c6083df29c73b9f1fcd56b88075e0e25167,9d3496ef68baf133c14f4279eea89cf541674990e2996f72fb08ac749b7dd180,cc8e273919392261,136.302490234375,793.4346313476562,,1,1,KEEP,16/img_176.jpg,True,2,DHASH_16_cc8e273919392261,ஞ்,True,"TLFS23 Data in Brief, Table 1 / dataset documentation; checked against local folder structure.",,mei,FIST,C04,DHASH_16_cc8e273919392261,train,FIST (Faust),ஞ்,zuvor bestaetigt
27/img_326.jpg,27,img_326.jpg,.jpg,38429,True,640,480,RGB,JPEG,0022689941718e0142ecf0bfd599521b7450c45d268d12f149f0d9c2de8c2cb2,b9ca33c17e6a3dc0a037345bfb647bd06e2995393b79954d76aedc36e47bc7b0,2a2a383439f0b0c8,112.79150390625,1385.640625,,1,1,KEEP,27/img_326.jpg,True,2,DHASH_27_2a2a383439f0b0c8,ழ்,True,"TLFS23 Data in Brief, Table 1 / dataset documentation; checked against local folder structure.",,mei,FIST,C15,DHASH_27_2a2a383439f0b0c8,train,FIST (Faust),ழ்,zuvor bestaetigt
238/img_345.jpg,238,img_345.jpg,.jpg,36358,True,640,480,RGB,JPEG,000021959b82dca2bcdf903092e80336ee5526b0efd2a8c5c640578b938334b0,8b371eba4e135fabd89bfd348b49ed33bd75bcff9f1da9ee4ed4ae56fbdfee10,46831929156daea1,133.189208984375,2003.161865234375,,1,1,KEEP,238/img_345.jpg,True,4,DHASH_238_46831929156daea1,னீ,True,"TLFS23 Data in Brief, Table 1 / dataset documentation; checked against local folder structure.",,uyirmei,V04,C18,DHASH_238_46831929156daea1,train,ஈ,ன்,zuvor bestaetigt
128/img_985.jpg,128,img_985.jpg,.jpg,36107,True,640,480,RGB,JPEG,0001401583d9b182261fb4cae0001e527a261b79dd453c2ffb30db8be1845611,12fc8b72b275925d9bf6e8d535dc15c21e19f1d206b0dca76b6eb93b2ef9a506,0b31191d131b1f4f,108.720703125,1448.4378662109375,,1,1,KEEP,128/img_985.jpg,True,2,DHASH_128_0b31191d131b1f4f,பா,True,"TLFS23 Data in Brief, Table 1 / dataset documentation; checked against local folder structure.",,uyirmei,V02,C09,DHASH_128_0b31191d131b1f4f,train,ஆ,ப்,zuvor bestaetigt
163/img_959.jpg,163,img_959.jpg,.jpg,37782,True,640,480,RGB,JPEG,0001447f2a81597ad47ec5365de387833b98fc2007f89448e18537adac657bd2,2fc22e8ca97ff5b4288baa4440c8411eeb7fad291944744fb5c4098fdcf9dbc3,0b6b2171636d6f2b,116.51513671875,1311.1845703125,,1,1,KEEP,163/img_959.jpg,True,3,DHASH_163_0b6b2171636d6f2b,ர,True,"TLFS23 Data in Brief, Table 1 / dataset documentation; checked against local folder structure.",,uyirmei,V01,C12,DHASH_163_0b6b2171636d6f2b,train,அ,ர்,zuvor bestaetigt
247/img_816.jpg,247,img_816.jpg,.jpg,37407,True,640,480,RGB,JPEG,0011af8dc9633fadfbdf7996da50990cb10863bd74c4b2b84c856ec252228247,30b3840afe6f941e75dd784d7b3edbd6a6eb5b71b06738067735ae69972eaaa3,07260e4e4f6e449c,165.827880859375,1780.6097412109375,,1,1,KEEP,247/img_816.jpg,True,5,DHASH_247_07260e4e4f6e449c,ஃ,True,"TLFS23 Data in Brief, Table 1 / dataset documentation; checked against local folder structure.",,ayudha,__NA__,__NA__,DHASH_247_07260e4e4f6e449c,train,-- (Sonderfall),-- (Sonderfall),zuvor bestaetigt
247/img_614.jpg,247,img_614.jpg,.jpg,39907,True,640,480,RGB,JPEG,0068cbc5441dd2c86efd002b4a52ac663c220b8d73e193903d7c7d530a329644,df188faff1479f9f2acc2285b29f99ac50e909105d2624fdf90ca18166713ff6,079b3939bb33251f,120.039794921875,1798.298095703125,,1,1,KEEP,247/img_614.jpg,True,2,DHASH_247_079b3939bb33251f,ஃ,True,"TLFS23 Data in Brief, Table 1 / dataset documentation; checked against local folder structure.",,ayudha,__NA__,__NA__,DHASH_247_079b3939bb33251f,train,-- (Sonderfall),-- (Sonderfall),zuvor bestaetigt
247/img_979.jpg,247,img_979.jpg,.jpg,43235,True,640,480,RGB,JPEG,009e8a724dcb60694c62233764deb6422701a0026303e0969c66b3b34fd36e81,dcc9b123e3df24bcd1fc7acd2422be42b95943da28258c8c100d331261c73fb5,497860607363c8f8,99.870361328125,784.92724609375,,1,1,KEEP,247/img_979.jpg,True,10,DHASH_247_497860607363c8f8,ஃ,True,"TLFS23 Data in Brief, Table 1 / dataset documentation; checked against local folder structure.",,ayudha,__NA__,__NA__,DHASH_247_497860607363c8f8,train,-- (Sonderfall),-- (Sonderfall),zuvor bestaetigt
Background/img_529.jpg,Background,img_529.jpg,.jpg,34257,True,640,480,RGB,JPEG,006d76dff5740ac3b801d6da1fc3f5cd6f9d19cd47d1999d67e42c347c9c0ab2,79eba43429f826570bc3ad1bbebe81eb6075628732648f2825140e6fa897ba3c,c60633332731e0e8,130.6025390625,1117.8240966796875,,1,1,KEEP,Background/img_529.jpg,True,10,DHASH_Background_c60633332731e0e8,__background__,True,"TLFS23 Data in Brief, Table 1 / dataset documentation; checked against local folder structure.",,background,__NA__,__NA__,DHASH_Background_c60633332731e0e8,train,-- (Sonderfall),-- (Sonderfall),zuvor bestaetigt
Background/img_417.jpg,Background,img_417.jpg,.jpg,27147,True,640,480,RGB,JPEG,00a8f28af4920f64df3349171ee1fbbee6bfe6f2333a438c8fd70e45a1b58beb,930be4dae4c058f100ea64e5c1bbe12a2af6e94046aa01b8c2b6ef3abb2a80fd,0c0f3b6373332b3a,147.314453125,914.5087890625,,1,1,KEEP,Background/img_417.jpg,True,2,DHASH_Background_0c0f3b6373332b3a,__background__,True,"TLFS23 Data in Brief, Table 1 / dataset documentation; checked against local folder structure.",,background,__NA__,__NA__,DHASH_Background_0c0f3b6373332b3a,train,-- (Sonderfall),-- (Sonderfall),zuvor bestaetigt
Background/img_135.jpg,Background,img_135.jpg,.jpg,25543,True,640,480,RGB,JPEG,016849a18760e601192e4bcb4d60cd08fa913d4f39d5985580d2a275dd51cf32,565c54d17b9c69fbff5bbfee5ddbd39616bf1d0340afaab6740587acae0c9984,1e4e6b53533b9bd9,143.261962890625,774.3106689453125,,1,1,KEEP,Background/img_135.jpg,True,1,IMAGE_Background/img_135.jpg,__background__,True,"TLFS23 Data in Brief, Table 1 / dataset documentation; checked against local folder structure.",,background,__NA__,__NA__,IMAGE_Background/img_135.jpg,train,-- (Sonderfall),-- (Sonderfall),zuvor bestaetigt
