relative_path,dataset_folder,filename,extension,file_size_bytes,readable,width,height,mode,format,sha256,pixel_sha256,dhash,brightness,edge_variance,error,sha256_group_size,pixel_sha256_group_size,decision,canonical_relative_path,use_for_model,dhash_group_size,split_group_id,character,category,vowel_target,consonant_target,vowel_display,consonant_display,mapping_status
1/img_160.jpg,1,img_160.jpg,.jpg,35184,True,640,480,RGB,JPEG,0060294987730d1cecc8a0a387d62bd0954229543d5ebc0f9bef32b881c90a8c,12108f2dc9d3c08ab8dc10a743c54e0d4200309e8ff899445b2f6d51592d5158,69794b0b195c2f0f,103.71142578125,1264.482177734375,,1,1,KEEP,1/img_160.jpg,True,5,DHASH_1_69794b0b195c2f0f,அ,uyir,V01,FIST,அ,FIST (Faust),zuvor bestaetigt
1/img_235.jpg,1,img_235.jpg,.jpg,62900,True,640,480,RGB,JPEG,00978d4409990ac4cb8fcd460b2c84ff007d78d949e8577fdeb22be41e795e49,dc8adee990d1f7c199530ecc1b57088f46c8237293ef94be0321ff5edb750bb1,679bdb998cc56470,131.943359375,1449.4833984375,,1,1,KEEP,1/img_235.jpg,True,1,IMAGE_1/img_235.jpg,அ,uyir,V01,FIST,அ,FIST (Faust),zuvor bestaetigt
13/img_479.jpg,13,img_479.jpg,.jpg,34730,True,640,480,RGB,JPEG,009a1c89fc1375a61b3affed9e874a999aa3e6ed4fe7d65c106e35eb691f01f4,9cfa063a65bf98cae526c276f564e1d601087553666d6316d1ed0571f9cacd0e,8f1333636961f1b2,138.963623046875,1057.056884765625,,1,1,KEEP,13/img_479.jpg,True,10,DHASH_13_8f1333636961f1b2,க்,mei,FIST,C01,FIST (Faust),க்,zuvor bestaetigt
13/img_113.jpg,13,img_113.jpg,.jpg,32357,True,640,480,RGB,JPEG,00ef61f42b9532d08f1ca58936e229d6e20fa06c00e3b6baec34b1b7fdda46dd,bfc992241ca37940903db3d6d1a8bca1d3e9746547e537636389a4b056944003,daca2a7363f1d9d9,114.15673828125,809.7225341796875,,1,1,KEEP,13/img_113.jpg,True,7,DHASH_13_daca2a7363f1d9d9,க்,mei,FIST,C01,FIST (Faust),க்,zuvor bestaetigt
31/img_871.jpg,31,img_871.jpg,.jpg,37379,True,640,480,RGB,JPEG,002aff96884b21eba078349ed3a5abe7e65211e6ab935b3eeffebbb9cec296d0,f5a4d45e57b395f3d4a115ab19f1e683f8111caab5eb01427b2094621b3b0157,3333130b1793790c,122.36279296875,1704.980224609375,,1,1,KEEP,31/img_871.jpg,True,3,DHASH_31_3333130b1793790c,க,uyirmei,V01,C01,அ,க்,zuvor bestaetigt
31/img_533.jpg,31,img_533.jpg,.jpg,35271,True,640,480,RGB,JPEG,0112bdba2eece6e4caaae67ec39b18e5eaaee457cda7ff0ca385b78465d3fa3a,a8a080d16c8af4e7545a7cbdb6d65eaa908b4bee69e2c5300eeaad4165d06401,8f1b3b2b6560f1b2,138.689697265625,1190.240966796875,,1,1,KEEP,31/img_533.jpg,True,2,DHASH_31_8f1b3b2b6560f1b2,க,uyirmei,V01,C01,அ,க்,zuvor bestaetigt
247/img_816.jpg,247,img_816.jpg,.jpg,37407,True,640,480,RGB,JPEG,0011af8dc9633fadfbdf7996da50990cb10863bd74c4b2b84c856ec252228247,30b3840afe6f941e75dd784d7b3edbd6a6eb5b71b06738067735ae69972eaaa3,07260e4e4f6e449c,165.827880859375,1780.6097412109375,,1,1,KEEP,247/img_816.jpg,True,5,DHASH_247_07260e4e4f6e449c,ஃ,ayudha,__NA__,__NA__,-- (Sonderfall),-- (Sonderfall),zuvor bestaetigt
247/img_614.jpg,247,img_614.jpg,.jpg,39907,True,640,480,RGB,JPEG,0068cbc5441dd2c86efd002b4a52ac663c220b8d73e193903d7c7d530a329644,df188faff1479f9f2acc2285b29f99ac50e909105d2624fdf90ca18166713ff6,079b3939bb33251f,120.039794921875,1798.298095703125,,1,1,KEEP,247/img_614.jpg,True,2,DHASH_247_079b3939bb33251f,ஃ,ayudha,__NA__,__NA__,-- (Sonderfall),-- (Sonderfall),zuvor bestaetigt
Background/img_529.jpg,Background,img_529.jpg,.jpg,34257,True,640,480,RGB,JPEG,006d76dff5740ac3b801d6da1fc3f5cd6f9d19cd47d1999d67e42c347c9c0ab2,79eba43429f826570bc3ad1bbebe81eb6075628732648f2825140e6fa897ba3c,c60633332731e0e8,130.6025390625,1117.8240966796875,,1,1,KEEP,Background/img_529.jpg,True,10,DHASH_Background_c60633332731e0e8,__background__,background,__NA__,__NA__,-- (Sonderfall),-- (Sonderfall),zuvor bestaetigt
Background/img_417.jpg,Background,img_417.jpg,.jpg,27147,True,640,480,RGB,JPEG,00a8f28af4920f64df3349171ee1fbbee6bfe6f2333a438c8fd70e45a1b58beb,930be4dae4c058f100ea64e5c1bbe12a2af6e94046aa01b8c2b6ef3abb2a80fd,0c0f3b6373332b3a,147.314453125,914.5087890625,,1,1,KEEP,Background/img_417.jpg,True,2,DHASH_Background_0c0f3b6373332b3a,__background__,background,__NA__,__NA__,-- (Sonderfall),-- (Sonderfall),zuvor bestaetigt
