dataset_folder,n_candidates,character,verified,evidence,notes,category,vowel_target,consonant_target
1,1028,அ,True,"TLFS23 Data in Brief, Table 1 / dataset documentation; checked against local folder structure.",,uyir,V01,FIST
2,1026,ஆ,True,"TLFS23 Data in Brief, Table 1 / dataset documentation; checked against local folder structure.",,uyir,V02,FIST
3,1026,இ,True,"TLFS23 Data in Brief, Table 1 / dataset documentation; checked against local folder structure.",,uyir,V03,FIST
4,1028,ஈ,True,"TLFS23 Data in Brief, Table 1 / dataset documentation; checked against local folder structure.",,uyir,V04,FIST
5,1020,உ,True,"TLFS23 Data in Brief, Table 1 / dataset documentation; checked against local folder structure.",,uyir,V05,FIST
6,998,ஊ,True,"TLFS23 Data in Brief, Table 1 / dataset documentation; checked against local folder structure.",,uyir,V06,FIST
7,1041,எ,True,"TLFS23 Data in Brief, Table 1 / dataset documentation; checked against local folder structure.",,uyir,V07,FIST
8,1004,ஏ,True,"TLFS23 Data in Brief, Table 1 / dataset documentation; checked against local folder structure.",,uyir,V08,FIST
9,1021,ஐ,True,"TLFS23 Data in Brief, Table 1 / dataset documentation; checked against local folder structure.",,uyir,V09,FIST
10,1027,ஒ,True,"TLFS23 Data in Brief, Table 1 / dataset documentation; checked against local folder structure.",,uyir,V10,FIST
11,1007,ஓ,True,"TLFS23 Data in Brief, Table 1 / dataset documentation; checked against local folder structure.",,uyir,V11,FIST
12,1032,ஔ,True,"TLFS23 Data in Brief, Table 1 / dataset documentation; checked against local folder structure.",,uyir,V12,FIST
13,1019,க்,True,"TLFS23 Data in Brief, Table 1 / dataset documentation; checked against local folder structure.",,mei,FIST,C01
14,1030,ங்,True,"TLFS23 Data in Brief, Table 1 / dataset documentation; checked against local folder structure.",,mei,FIST,C02
15,1037,ச்,True,"TLFS23 Data in Brief, Table 1 / dataset documentation; checked against local folder structure.",,mei,FIST,C03
16,1035,ஞ்,True,"TLFS23 Data in Brief, Table 1 / dataset documentation; checked against local folder structure.",,mei,FIST,C04
17,1024,ட்,True,"TLFS23 Data in Brief, Table 1 / dataset documentation; checked against local folder structure.",,mei,FIST,C05
18,1027,ண்,True,"TLFS23 Data in Brief, Table 1 / dataset documentation; checked against local folder structure.",,mei,FIST,C06
19,1034,த்,True,"TLFS23 Data in Brief, Table 1 / dataset documentation; checked against local folder structure.",,mei,FIST,C07
20,1035,ந்,True,"TLFS23 Data in Brief, Table 1 / dataset documentation; checked against local folder structure.",,mei,FIST,C08
21,1042,ப்,True,"TLFS23 Data in Brief, Table 1 / dataset documentation; checked against local folder structure.",,mei,FIST,C09
22,973,ம்,True,"TLFS23 Data in Brief, Table 1 / dataset documentation; checked against local folder structure.",,mei,FIST,C10
23,1026,ய்,True,"TLFS23 Data in Brief, Table 1 / dataset documentation; checked against local folder structure.",,mei,FIST,C11
24,1012,ர்,True,"TLFS23 Data in Brief, Table 1 / dataset documentation; checked against local folder structure.",,mei,FIST,C12
25,974,ல்,True,"TLFS23 Data in Brief, Table 1 / dataset documentation; checked against local folder structure.",,mei,FIST,C13
26,1004,வ்,True,"TLFS23 Data in Brief, Table 1 / dataset documentation; checked against local folder structure.",,mei,FIST,C14
27,1019,ழ்,True,"TLFS23 Data in Brief, Table 1 / dataset documentation; checked against local folder structure.",,mei,FIST,C15
28,973,ள்,True,"TLFS23 Data in Brief, Table 1 / dataset documentation; checked against local folder structure.",,mei,FIST,C16
29,993,ற்,True,"TLFS23 Data in Brief, Table 1 / dataset documentation; checked against local folder structure.",,mei,FIST,C17
30,986,ன்,True,"TLFS23 Data in Brief, Table 1 / dataset documentation; checked against local folder structure.",,mei,FIST,C18
31,973,க,True,"TLFS23 Data in Brief, Table 1 / dataset documentation; checked against local folder structure.",,uyirmei,V01,C01
32,1016,கா,True,"TLFS23 Data in Brief, Table 1 / dataset documentation; checked against local folder structure.",,uyirmei,V02,C01
33,1008,கி,True,"TLFS23 Data in Brief, Table 1 / dataset documentation; checked against local folder structure.",,uyirmei,V03,C01
34,1017,கீ,True,"TLFS23 Data in Brief, Table 1 / dataset documentation; checked against local folder structure.",,uyirmei,V04,C01
35,1015,கு,True,"TLFS23 Data in Brief, Table 1 / dataset documentation; checked against local folder structure.",,uyirmei,V05,C01
36,1018,கூ,True,"TLFS23 Data in Brief, Table 1 / dataset documentation; checked against local folder structure.",,uyirmei,V06,C01
37,989,கெ,True,"TLFS23 Data in Brief, Table 1 / dataset documentation; checked against local folder structure.",,uyirmei,V07,C01
38,1024,கே,True,"TLFS23 Data in Brief, Table 1 / dataset documentation; checked against local folder structure.",,uyirmei,V08,C01
39,1009,கை,True,"TLFS23 Data in Brief, Table 1 / dataset documentation; checked against local folder structure.",,uyirmei,V09,C01
40,1018,கொ,True,"TLFS23 Data in Brief, Table 1 / dataset documentation; checked against local folder structure.",,uyirmei,V10,C01
41,1029,கோ,True,"TLFS23 Data in Brief, Table 1 / dataset documentation; checked against local folder structure.",,uyirmei,V11,C01
42,1007,கௌ,True,"TLFS23 Data in Brief, Table 1 / dataset documentation; checked against local folder structure.",,uyirmei,V12,C01
43,992,ங,True,"TLFS23 Data in Brief, Table 1 / dataset documentation; checked against local folder structure.",,uyirmei,V01,C02
44,997,ஙா,True,"TLFS23 Data in Brief, Table 1 / dataset documentation; checked against local folder structure.",,uyirmei,V02,C02
45,1016,ஙி,True,"TLFS23 Data in Brief, Table 1 / dataset documentation; checked against local folder structure.",,uyirmei,V03,C02
46,1016,ஙீ,True,"TLFS23 Data in Brief, Table 1 / dataset documentation; checked against local folder structure.",,uyirmei,V04,C02
47,1036,ஙு,True,"TLFS23 Data in Brief, Table 1 / dataset documentation; checked against local folder structure.",,uyirmei,V05,C02
48,1013,ஙூ,True,"TLFS23 Data in Brief, Table 1 / dataset documentation; checked against local folder structure.",,uyirmei,V06,C02
49,987,ஙெ,True,"TLFS23 Data in Brief, Table 1 / dataset documentation; checked against local folder structure.",,uyirmei,V07,C02
50,997,ஙே,True,"TLFS23 Data in Brief, Table 1 / dataset documentation; checked against local folder structure.",,uyirmei,V08,C02
51,998,ஙை,True,"TLFS23 Data in Brief, Table 1 / dataset documentation; checked against local folder structure.",,uyirmei,V09,C02
52,995,ஙொ,True,"TLFS23 Data in Brief, Table 1 / dataset documentation; checked against local folder structure.",,uyirmei,V10,C02
53,1003,ஙோ,True,"TLFS23 Data in Brief, Table 1 / dataset documentation; checked against local folder structure.",,uyirmei,V11,C02
54,1000,ஙௌ,True,"TLFS23 Data in Brief, Table 1 / dataset documentation; checked against local folder structure.",,uyirmei,V12,C02
55,1016,ச,True,"TLFS23 Data in Brief, Table 1 / dataset documentation; checked against local folder structure.",,uyirmei,V01,C03
56,1002,சா,True,"TLFS23 Data in Brief, Table 1 / dataset documentation; checked against local folder structure.",,uyirmei,V02,C03
57,1012,சி,True,"TLFS23 Data in Brief, Table 1 / dataset documentation; checked against local folder structure.",,uyirmei,V03,C03
58,1019,சீ,True,"TLFS23 Data in Brief, Table 1 / dataset documentation; checked against local folder structure.",,uyirmei,V04,C03
59,1024,சு,True,"TLFS23 Data in Brief, Table 1 / dataset documentation; checked against local folder structure.",,uyirmei,V05,C03
60,1013,சூ,True,"TLFS23 Data in Brief, Table 1 / dataset documentation; checked against local folder structure.",,uyirmei,V06,C03
61,970,செ,True,"TLFS23 Data in Brief, Table 1 / dataset documentation; checked against local folder structure.",,uyirmei,V07,C03
62,1001,சே,True,"TLFS23 Data in Brief, Table 1 / dataset documentation; checked against local folder structure.",,uyirmei,V08,C03
63,989,சை,True,"TLFS23 Data in Brief, Table 1 / dataset documentation; checked against local folder structure.",,uyirmei,V09,C03
64,1008,சொ,True,"TLFS23 Data in Brief, Table 1 / dataset documentation; checked against local folder structure.",,uyirmei,V10,C03
65,1006,சோ,True,"TLFS23 Data in Brief, Table 1 / dataset documentation; checked against local folder structure.",,uyirmei,V11,C03
66,995,சௌ,True,"TLFS23 Data in Brief, Table 1 / dataset documentation; checked against local folder structure.",,uyirmei,V12,C03
67,982,ஞ,True,"TLFS23 Data in Brief, Table 1 / dataset documentation; checked against local folder structure.",,uyirmei,V01,C04
68,970,ஞா,True,"TLFS23 Data in Brief, Table 1 / dataset documentation; checked against local folder structure.",,uyirmei,V02,C04
69,963,ஞி,True,"TLFS23 Data in Brief, Table 1 / dataset documentation; checked against local folder structure.",,uyirmei,V03,C04
70,995,ஞீ,True,"TLFS23 Data in Brief, Table 1 / dataset documentation; checked against local folder structure.",,uyirmei,V04,C04
71,975,ஞு,True,"TLFS23 Data in Brief, Table 1 / dataset documentation; checked against local folder structure.",,uyirmei,V05,C04
72,965,ஞூ,True,"TLFS23 Data in Brief, Table 1 / dataset documentation; checked against local folder structure.",,uyirmei,V06,C04
73,980,ஞெ,True,"TLFS23 Data in Brief, Table 1 / dataset documentation; checked against local folder structure.",,uyirmei,V07,C04
74,988,ஞே,True,"TLFS23 Data in Brief, Table 1 / dataset documentation; checked against local folder structure.",,uyirmei,V08,C04
75,972,ஞை,True,"TLFS23 Data in Brief, Table 1 / dataset documentation; checked against local folder structure.",,uyirmei,V09,C04
76,982,ஞொ,True,"TLFS23 Data in Brief, Table 1 / dataset documentation; checked against local folder structure.",,uyirmei,V10,C04
77,968,ஞோ,True,"TLFS23 Data in Brief, Table 1 / dataset documentation; checked against local folder structure.",,uyirmei,V11,C04
78,967,ஞௌ,True,"TLFS23 Data in Brief, Table 1 / dataset documentation; checked against local folder structure.",,uyirmei,V12,C04
79,980,ட,True,"TLFS23 Data in Brief, Table 1 / dataset documentation; checked against local folder structure.",,uyirmei,V01,C05
80,993,டா,True,"TLFS23 Data in Brief, Table 1 / dataset documentation; checked against local folder structure.",,uyirmei,V02,C05
81,994,டி,True,"TLFS23 Data in Brief, Table 1 / dataset documentation; checked against local folder structure.",,uyirmei,V03,C05
82,1006,டீ,True,"TLFS23 Data in Brief, Table 1 / dataset documentation; checked against local folder structure.",,uyirmei,V04,C05
83,977,டு,True,"TLFS23 Data in Brief, Table 1 / dataset documentation; checked against local folder structure.",,uyirmei,V05,C05
84,975,டூ,True,"TLFS23 Data in Brief, Table 1 / dataset documentation; checked against local folder structure.",,uyirmei,V06,C05
85,973,டெ,True,"TLFS23 Data in Brief, Table 1 / dataset documentation; checked against local folder structure.",,uyirmei,V07,C05
86,977,டே,True,"TLFS23 Data in Brief, Table 1 / dataset documentation; checked against local folder structure.",,uyirmei,V08,C05
87,992,டை,True,"TLFS23 Data in Brief, Table 1 / dataset documentation; checked against local folder structure.",,uyirmei,V09,C05
88,976,டொ,True,"TLFS23 Data in Brief, Table 1 / dataset documentation; checked against local folder structure.",,uyirmei,V10,C05
89,983,டோ,True,"TLFS23 Data in Brief, Table 1 / dataset documentation; checked against local folder structure.",,uyirmei,V11,C05
90,982,டௌ,True,"TLFS23 Data in Brief, Table 1 / dataset documentation; checked against local folder structure.",,uyirmei,V12,C05
91,996,ண,True,"TLFS23 Data in Brief, Table 1 / dataset documentation; checked against local folder structure.",,uyirmei,V01,C06
92,966,ணா,True,"TLFS23 Data in Brief, Table 1 / dataset documentation; checked against local folder structure.",,uyirmei,V02,C06
93,979,ணி,True,"TLFS23 Data in Brief, Table 1 / dataset documentation; checked against local folder structure.",,uyirmei,V03,C06
94,977,ணீ,True,"TLFS23 Data in Brief, Table 1 / dataset documentation; checked against local folder structure.",,uyirmei,V04,C06
95,1012,ணு,True,"TLFS23 Data in Brief, Table 1 / dataset documentation; checked against local folder structure.",,uyirmei,V05,C06
96,987,ணூ,True,"TLFS23 Data in Brief, Table 1 / dataset documentation; checked against local folder structure.",,uyirmei,V06,C06
97,973,ணெ,True,"TLFS23 Data in Brief, Table 1 / dataset documentation; checked against local folder structure.",,uyirmei,V07,C06
98,991,ணே,True,"TLFS23 Data in Brief, Table 1 / dataset documentation; checked against local folder structure.",,uyirmei,V08,C06
99,970,ணை,True,"TLFS23 Data in Brief, Table 1 / dataset documentation; checked against local folder structure.",,uyirmei,V09,C06
100,984,ணொ,True,"TLFS23 Data in Brief, Table 1 / dataset documentation; checked against local folder structure.",,uyirmei,V10,C06
101,990,ணோ,True,"TLFS23 Data in Brief, Table 1 / dataset documentation; checked against local folder structure.",,uyirmei,V11,C06
102,996,ணௌ,True,"TLFS23 Data in Brief, Table 1 / dataset documentation; checked against local folder structure.",,uyirmei,V12,C06
103,991,த,True,"TLFS23 Data in Brief, Table 1 / dataset documentation; checked against local folder structure.",,uyirmei,V01,C07
104,987,தா,True,"TLFS23 Data in Brief, Table 1 / dataset documentation; checked against local folder structure.",,uyirmei,V02,C07
105,984,தி,True,"TLFS23 Data in Brief, Table 1 / dataset documentation; checked against local folder structure.",,uyirmei,V03,C07
106,979,தீ,True,"TLFS23 Data in Brief, Table 1 / dataset documentation; checked against local folder structure.",,uyirmei,V04,C07
107,971,து,True,"TLFS23 Data in Brief, Table 1 / dataset documentation; checked against local folder structure.",,uyirmei,V05,C07
108,984,தூ,True,"TLFS23 Data in Brief, Table 1 / dataset documentation; checked against local folder structure.",,uyirmei,V06,C07
109,979,தெ,True,"TLFS23 Data in Brief, Table 1 / dataset documentation; checked against local folder structure.",,uyirmei,V07,C07
110,974,தே,True,"TLFS23 Data in Brief, Table 1 / dataset documentation; checked against local folder structure.",,uyirmei,V08,C07
111,965,தை,True,"TLFS23 Data in Brief, Table 1 / dataset documentation; checked against local folder structure.",,uyirmei,V09,C07
112,982,தொ,True,"TLFS23 Data in Brief, Table 1 / dataset documentation; checked against local folder structure.",,uyirmei,V10,C07
113,977,தோ,True,"TLFS23 Data in Brief, Table 1 / dataset documentation; checked against local folder structure.",,uyirmei,V11,C07
114,973,தௌ,True,"TLFS23 Data in Brief, Table 1 / dataset documentation; checked against local folder structure.",,uyirmei,V12,C07
115,968,ந,True,"TLFS23 Data in Brief, Table 1 / dataset documentation; checked against local folder structure.",,uyirmei,V01,C08
116,979,நா,True,"TLFS23 Data in Brief, Table 1 / dataset documentation; checked against local folder structure.",,uyirmei,V02,C08
117,996,நி,True,"TLFS23 Data in Brief, Table 1 / dataset documentation; checked against local folder structure.",,uyirmei,V03,C08
118,972,நீ,True,"TLFS23 Data in Brief, Table 1 / dataset documentation; checked against local folder structure.",,uyirmei,V04,C08
119,974,நு,True,"TLFS23 Data in Brief, Table 1 / dataset documentation; checked against local folder structure.",,uyirmei,V05,C08
120,965,நூ,True,"TLFS23 Data in Brief, Table 1 / dataset documentation; checked against local folder structure.",,uyirmei,V06,C08
121,981,நெ,True,"TLFS23 Data in Brief, Table 1 / dataset documentation; checked against local folder structure.",,uyirmei,V07,C08
122,968,நே,True,"TLFS23 Data in Brief, Table 1 / dataset documentation; checked against local folder structure.",,uyirmei,V08,C08
123,987,நை,True,"TLFS23 Data in Brief, Table 1 / dataset documentation; checked against local folder structure.",,uyirmei,V09,C08
124,986,நொ,True,"TLFS23 Data in Brief, Table 1 / dataset documentation; checked against local folder structure.",,uyirmei,V10,C08
125,973,நோ,True,"TLFS23 Data in Brief, Table 1 / dataset documentation; checked against local folder structure.",,uyirmei,V11,C08
126,970,நௌ,True,"TLFS23 Data in Brief, Table 1 / dataset documentation; checked against local folder structure.",,uyirmei,V12,C08
127,982,ப,True,"TLFS23 Data in Brief, Table 1 / dataset documentation; checked against local folder structure.",,uyirmei,V01,C09
128,966,பா,True,"TLFS23 Data in Brief, Table 1 / dataset documentation; checked against local folder structure.",,uyirmei,V02,C09
129,978,பி,True,"TLFS23 Data in Brief, Table 1 / dataset documentation; checked against local folder structure.",,uyirmei,V03,C09
130,988,பீ,True,"TLFS23 Data in Brief, Table 1 / dataset documentation; checked against local folder structure.",,uyirmei,V04,C09
131,996,பு,True,"TLFS23 Data in Brief, Table 1 / dataset documentation; checked against local folder structure.",,uyirmei,V05,C09
132,1000,பூ,True,"TLFS23 Data in Brief, Table 1 / dataset documentation; checked against local folder structure.",,uyirmei,V06,C09
133,976,பெ,True,"TLFS23 Data in Brief, Table 1 / dataset documentation; checked against local folder structure.",,uyirmei,V07,C09
134,969,பே,True,"TLFS23 Data in Brief, Table 1 / dataset documentation; checked against local folder structure.",,uyirmei,V08,C09
135,982,பை,True,"TLFS23 Data in Brief, Table 1 / dataset documentation; checked against local folder structure.",,uyirmei,V09,C09
136,978,பொ,True,"TLFS23 Data in Brief, Table 1 / dataset documentation; checked against local folder structure.",,uyirmei,V10,C09
137,972,போ,True,"TLFS23 Data in Brief, Table 1 / dataset documentation; checked against local folder structure.",,uyirmei,V11,C09
138,992,பௌ,True,"TLFS23 Data in Brief, Table 1 / dataset documentation; checked against local folder structure.",,uyirmei,V12,C09
139,971,ம,True,"TLFS23 Data in Brief, Table 1 / dataset documentation; checked against local folder structure.",,uyirmei,V01,C10
140,972,மா,True,"TLFS23 Data in Brief, Table 1 / dataset documentation; checked against local folder structure.",,uyirmei,V02,C10
141,973,மி,True,"TLFS23 Data in Brief, Table 1 / dataset documentation; checked against local folder structure.",,uyirmei,V03,C10
142,1041,மீ,True,"TLFS23 Data in Brief, Table 1 / dataset documentation; checked against local folder structure.",,uyirmei,V04,C10
143,981,மு,True,"TLFS23 Data in Brief, Table 1 / dataset documentation; checked against local folder structure.",,uyirmei,V05,C10
144,989,மூ,True,"TLFS23 Data in Brief, Table 1 / dataset documentation; checked against local folder structure.",,uyirmei,V06,C10
145,982,மெ,True,"TLFS23 Data in Brief, Table 1 / dataset documentation; checked against local folder structure.",,uyirmei,V07,C10
146,990,மே,True,"TLFS23 Data in Brief, Table 1 / dataset documentation; checked against local folder structure.",,uyirmei,V08,C10
147,977,மை,True,"TLFS23 Data in Brief, Table 1 / dataset documentation; checked against local folder structure.",,uyirmei,V09,C10
148,985,மொ,True,"TLFS23 Data in Brief, Table 1 / dataset documentation; checked against local folder structure.",,uyirmei,V10,C10
149,977,மோ,True,"TLFS23 Data in Brief, Table 1 / dataset documentation; checked against local folder structure.",,uyirmei,V11,C10
150,964,மௌ,True,"TLFS23 Data in Brief, Table 1 / dataset documentation; checked against local folder structure.",,uyirmei,V12,C10
151,973,ய,True,"TLFS23 Data in Brief, Table 1 / dataset documentation; checked against local folder structure.",,uyirmei,V01,C11
152,975,யா,True,"TLFS23 Data in Brief, Table 1 / dataset documentation; checked against local folder structure.",,uyirmei,V02,C11
153,964,யி,True,"TLFS23 Data in Brief, Table 1 / dataset documentation; checked against local folder structure.",,uyirmei,V03,C11
154,975,யீ,True,"TLFS23 Data in Brief, Table 1 / dataset documentation; checked against local folder structure.",,uyirmei,V04,C11
155,985,யு,True,"TLFS23 Data in Brief, Table 1 / dataset documentation; checked against local folder structure.",,uyirmei,V05,C11
156,994,யூ,True,"TLFS23 Data in Brief, Table 1 / dataset documentation; checked against local folder structure.",,uyirmei,V06,C11
157,988,யெ,True,"TLFS23 Data in Brief, Table 1 / dataset documentation; checked against local folder structure.",,uyirmei,V07,C11
158,969,யே,True,"TLFS23 Data in Brief, Table 1 / dataset documentation; checked against local folder structure.",,uyirmei,V08,C11
159,981,யை,True,"TLFS23 Data in Brief, Table 1 / dataset documentation; checked against local folder structure.",,uyirmei,V09,C11
160,980,யொ,True,"TLFS23 Data in Brief, Table 1 / dataset documentation; checked against local folder structure.",,uyirmei,V10,C11
161,972,யோ,True,"TLFS23 Data in Brief, Table 1 / dataset documentation; checked against local folder structure.",,uyirmei,V11,C11
162,992,யௌ,True,"TLFS23 Data in Brief, Table 1 / dataset documentation; checked against local folder structure.",,uyirmei,V12,C11
163,991,ர,True,"TLFS23 Data in Brief, Table 1 / dataset documentation; checked against local folder structure.",,uyirmei,V01,C12
164,990,ரா,True,"TLFS23 Data in Brief, Table 1 / dataset documentation; checked against local folder structure.",,uyirmei,V02,C12
165,980,ரி,True,"TLFS23 Data in Brief, Table 1 / dataset documentation; checked against local folder structure.",,uyirmei,V03,C12
166,972,ரீ,True,"TLFS23 Data in Brief, Table 1 / dataset documentation; checked against local folder structure.",,uyirmei,V04,C12
167,997,ரு,True,"TLFS23 Data in Brief, Table 1 / dataset documentation; checked against local folder structure.",,uyirmei,V05,C12
168,999,ரூ,True,"TLFS23 Data in Brief, Table 1 / dataset documentation; checked against local folder structure.",,uyirmei,V06,C12
169,976,ரெ,True,"TLFS23 Data in Brief, Table 1 / dataset documentation; checked against local folder structure.",,uyirmei,V07,C12
170,982,ரே,True,"TLFS23 Data in Brief, Table 1 / dataset documentation; checked against local folder structure.",,uyirmei,V08,C12
171,970,ரை,True,"TLFS23 Data in Brief, Table 1 / dataset documentation; checked against local folder structure.",,uyirmei,V09,C12
172,990,ரொ,True,"TLFS23 Data in Brief, Table 1 / dataset documentation; checked against local folder structure.",,uyirmei,V10,C12
173,1007,ரோ,True,"TLFS23 Data in Brief, Table 1 / dataset documentation; checked against local folder structure.",,uyirmei,V11,C12
174,985,ரௌ,True,"TLFS23 Data in Brief, Table 1 / dataset documentation; checked against local folder structure.",,uyirmei,V12,C12
175,1005,ல,True,"TLFS23 Data in Brief, Table 1 / dataset documentation; checked against local folder structure.",,uyirmei,V01,C13
176,969,லா,True,"TLFS23 Data in Brief, Table 1 / dataset documentation; checked against local folder structure.",,uyirmei,V02,C13
177,984,லி,True,"TLFS23 Data in Brief, Table 1 / dataset documentation; checked against local folder structure.",,uyirmei,V03,C13
178,982,லீ,True,"TLFS23 Data in Brief, Table 1 / dataset documentation; checked against local folder structure.",,uyirmei,V04,C13
179,1009,லு,True,"TLFS23 Data in Brief, Table 1 / dataset documentation; checked against local folder structure.",,uyirmei,V05,C13
180,976,லூ,True,"TLFS23 Data in Brief, Table 1 / dataset documentation; checked against local folder structure.",,uyirmei,V06,C13
181,969,லெ,True,"TLFS23 Data in Brief, Table 1 / dataset documentation; checked against local folder structure.",,uyirmei,V07,C13
182,963,லே,True,"TLFS23 Data in Brief, Table 1 / dataset documentation; checked against local folder structure.",,uyirmei,V08,C13
183,963,லை,True,"TLFS23 Data in Brief, Table 1 / dataset documentation; checked against local folder structure.",,uyirmei,V09,C13
184,983,லொ,True,"TLFS23 Data in Brief, Table 1 / dataset documentation; checked against local folder structure.",,uyirmei,V10,C13
185,966,லோ,True,"TLFS23 Data in Brief, Table 1 / dataset documentation; checked against local folder structure.",,uyirmei,V11,C13
186,984,லௌ,True,"TLFS23 Data in Brief, Table 1 / dataset documentation; checked against local folder structure.",,uyirmei,V12,C13
187,984,வ,True,"TLFS23 Data in Brief, Table 1 / dataset documentation; checked against local folder structure.",,uyirmei,V01,C14
188,1004,வா,True,"TLFS23 Data in Brief, Table 1 / dataset documentation; checked against local folder structure.",,uyirmei,V02,C14
189,1012,வி,True,"TLFS23 Data in Brief, Table 1 / dataset documentation; checked against local folder structure.",,uyirmei,V03,C14
190,977,வீ,True,"TLFS23 Data in Brief, Table 1 / dataset documentation; checked against local folder structure.",,uyirmei,V04,C14
191,968,வு,True,"TLFS23 Data in Brief, Table 1 / dataset documentation; checked against local folder structure.",,uyirmei,V05,C14
192,977,வூ,True,"TLFS23 Data in Brief, Table 1 / dataset documentation; checked against local folder structure.",,uyirmei,V06,C14
193,974,வெ,True,"TLFS23 Data in Brief, Table 1 / dataset documentation; checked against local folder structure.",,uyirmei,V07,C14
194,993,வே,True,"TLFS23 Data in Brief, Table 1 / dataset documentation; checked against local folder structure.",,uyirmei,V08,C14
195,1014,வை,True,"TLFS23 Data in Brief, Table 1 / dataset documentation; checked against local folder structure.",,uyirmei,V09,C14
196,984,வொ,True,"TLFS23 Data in Brief, Table 1 / dataset documentation; checked against local folder structure.",,uyirmei,V10,C14
197,1009,வோ,True,"TLFS23 Data in Brief, Table 1 / dataset documentation; checked against local folder structure.",,uyirmei,V11,C14
198,973,வௌ,True,"TLFS23 Data in Brief, Table 1 / dataset documentation; checked against local folder structure.",,uyirmei,V12,C14
199,991,ழ,True,"TLFS23 Data in Brief, Table 1 / dataset documentation; checked against local folder structure.",,uyirmei,V01,C15
200,965,ழா,True,"TLFS23 Data in Brief, Table 1 / dataset documentation; checked against local folder structure.",,uyirmei,V02,C15
201,969,ழி,True,"TLFS23 Data in Brief, Table 1 / dataset documentation; checked against local folder structure.",,uyirmei,V03,C15
202,974,ழீ,True,"TLFS23 Data in Brief, Table 1 / dataset documentation; checked against local folder structure.",,uyirmei,V04,C15
203,1006,ழு,True,"TLFS23 Data in Brief, Table 1 / dataset documentation; checked against local folder structure.",,uyirmei,V05,C15
204,991,ழூ,True,"TLFS23 Data in Brief, Table 1 / dataset documentation; checked against local folder structure.",,uyirmei,V06,C15
205,982,ழெ,True,"TLFS23 Data in Brief, Table 1 / dataset documentation; checked against local folder structure.",,uyirmei,V07,C15
206,973,ழே,True,"TLFS23 Data in Brief, Table 1 / dataset documentation; checked against local folder structure.",,uyirmei,V08,C15
207,979,ழை,True,"TLFS23 Data in Brief, Table 1 / dataset documentation; checked against local folder structure.",,uyirmei,V09,C15
208,1016,ழொ,True,"TLFS23 Data in Brief, Table 1 / dataset documentation; checked against local folder structure.",,uyirmei,V10,C15
209,991,ழோ,True,"TLFS23 Data in Brief, Table 1 / dataset documentation; checked against local folder structure.",,uyirmei,V11,C15
210,982,ழௌ,True,"TLFS23 Data in Brief, Table 1 / dataset documentation; checked against local folder structure.",,uyirmei,V12,C15
211,985,ள,True,"TLFS23 Data in Brief, Table 1 / dataset documentation; checked against local folder structure.",,uyirmei,V01,C16
212,1003,ளா,True,"TLFS23 Data in Brief, Table 1 / dataset documentation; checked against local folder structure.",,uyirmei,V02,C16
213,988,ளி,True,"TLFS23 Data in Brief, Table 1 / dataset documentation; checked against local folder structure.",,uyirmei,V03,C16
214,975,ளீ,True,"TLFS23 Data in Brief, Table 1 / dataset documentation; checked against local folder structure.",,uyirmei,V04,C16
215,978,ளு,True,"TLFS23 Data in Brief, Table 1 / dataset documentation; checked against local folder structure.",,uyirmei,V05,C16
216,975,ளூ,True,"TLFS23 Data in Brief, Table 1 / dataset documentation; checked against local folder structure.",,uyirmei,V06,C16
217,962,ளெ,True,"TLFS23 Data in Brief, Table 1 / dataset documentation; checked against local folder structure.",,uyirmei,V07,C16
218,973,ளே,True,"TLFS23 Data in Brief, Table 1 / dataset documentation; checked against local folder structure.",,uyirmei,V08,C16
219,967,ளை,True,"TLFS23 Data in Brief, Table 1 / dataset documentation; checked against local folder structure.",,uyirmei,V09,C16
220,993,ளொ,True,"TLFS23 Data in Brief, Table 1 / dataset documentation; checked against local folder structure.",,uyirmei,V10,C16
221,998,ளோ,True,"TLFS23 Data in Brief, Table 1 / dataset documentation; checked against local folder structure.",,uyirmei,V11,C16
222,1015,ளௌ,True,"TLFS23 Data in Brief, Table 1 / dataset documentation; checked against local folder structure.",,uyirmei,V12,C16
223,971,ற,True,"TLFS23 Data in Brief, Table 1 / dataset documentation; checked against local folder structure.",,uyirmei,V01,C17
224,976,றா,True,"TLFS23 Data in Brief, Table 1 / dataset documentation; checked against local folder structure.",,uyirmei,V02,C17
225,1014,றி,True,"TLFS23 Data in Brief, Table 1 / dataset documentation; checked against local folder structure.",,uyirmei,V03,C17
226,1033,றீ,True,"TLFS23 Data in Brief, Table 1 / dataset documentation; checked against local folder structure.",,uyirmei,V04,C17
227,1029,று,True,"TLFS23 Data in Brief, Table 1 / dataset documentation; checked against local folder structure.",,uyirmei,V05,C17
228,1017,றூ,True,"TLFS23 Data in Brief, Table 1 / dataset documentation; checked against local folder structure.",,uyirmei,V06,C17
229,1005,றெ,True,"TLFS23 Data in Brief, Table 1 / dataset documentation; checked against local folder structure.",,uyirmei,V07,C17
230,1026,றே,True,"TLFS23 Data in Brief, Table 1 / dataset documentation; checked against local folder structure.",,uyirmei,V08,C17
231,1028,றை,True,"TLFS23 Data in Brief, Table 1 / dataset documentation; checked against local folder structure.",,uyirmei,V09,C17
232,1031,றொ,True,"TLFS23 Data in Brief, Table 1 / dataset documentation; checked against local folder structure.",,uyirmei,V10,C17
233,1023,றோ,True,"TLFS23 Data in Brief, Table 1 / dataset documentation; checked against local folder structure.",,uyirmei,V11,C17
234,1013,றௌ,True,"TLFS23 Data in Brief, Table 1 / dataset documentation; checked against local folder structure.",,uyirmei,V12,C17
235,1023,ன,True,"TLFS23 Data in Brief, Table 1 / dataset documentation; checked against local folder structure.",,uyirmei,V01,C18
236,1022,னா,True,"TLFS23 Data in Brief, Table 1 / dataset documentation; checked against local folder structure.",,uyirmei,V02,C18
237,1033,னி,True,"TLFS23 Data in Brief, Table 1 / dataset documentation; checked against local folder structure.",,uyirmei,V03,C18
238,1016,னீ,True,"TLFS23 Data in Brief, Table 1 / dataset documentation; checked against local folder structure.",,uyirmei,V04,C18
239,1014,னு,True,"TLFS23 Data in Brief, Table 1 / dataset documentation; checked against local folder structure.",,uyirmei,V05,C18
240,1030,னூ,True,"TLFS23 Data in Brief, Table 1 / dataset documentation; checked against local folder structure.",,uyirmei,V06,C18
241,1001,னெ,True,"TLFS23 Data in Brief, Table 1 / dataset documentation; checked against local folder structure.",,uyirmei,V07,C18
242,1010,னே,True,"TLFS23 Data in Brief, Table 1 / dataset documentation; checked against local folder structure.",,uyirmei,V08,C18
243,1027,னை,True,"TLFS23 Data in Brief, Table 1 / dataset documentation; checked against local folder structure.",,uyirmei,V09,C18
244,1018,னொ,True,"TLFS23 Data in Brief, Table 1 / dataset documentation; checked against local folder structure.",,uyirmei,V10,C18
245,1005,னோ,True,"TLFS23 Data in Brief, Table 1 / dataset documentation; checked against local folder structure.",,uyirmei,V11,C18
246,977,னௌ,True,"TLFS23 Data in Brief, Table 1 / dataset documentation; checked against local folder structure.",,uyirmei,V12,C18
247,992,ஃ,True,"TLFS23 Data in Brief, Table 1 / dataset documentation; checked against local folder structure.",,ayudha,__NA__,__NA__
Background,974,__background__,True,"TLFS23 Data in Brief, Table 1 / dataset documentation; checked against local folder structure.",,background,__NA__,__NA__
