dataset_folder,n_candidates,character,verified,evidence,notes
1,1028,அ,True,"TLFS23 Data in Brief, Table 1 / dataset documentation; checked against local folder structure.",
2,1026,ஆ,True,"TLFS23 Data in Brief, Table 1 / dataset documentation; checked against local folder structure.",
3,1026,இ,True,"TLFS23 Data in Brief, Table 1 / dataset documentation; checked against local folder structure.",
4,1028,ஈ,True,"TLFS23 Data in Brief, Table 1 / dataset documentation; checked against local folder structure.",
5,1020,உ,True,"TLFS23 Data in Brief, Table 1 / dataset documentation; checked against local folder structure.",
6,998,ஊ,True,"TLFS23 Data in Brief, Table 1 / dataset documentation; checked against local folder structure.",
7,1041,எ,True,"TLFS23 Data in Brief, Table 1 / dataset documentation; checked against local folder structure.",
8,1004,ஏ,True,"TLFS23 Data in Brief, Table 1 / dataset documentation; checked against local folder structure.",
9,1021,ஐ,True,"TLFS23 Data in Brief, Table 1 / dataset documentation; checked against local folder structure.",
10,1027,ஒ,True,"TLFS23 Data in Brief, Table 1 / dataset documentation; checked against local folder structure.",
11,1007,ஓ,True,"TLFS23 Data in Brief, Table 1 / dataset documentation; checked against local folder structure.",
12,1032,ஔ,True,"TLFS23 Data in Brief, Table 1 / dataset documentation; checked against local folder structure.",
13,1019,க்,True,"TLFS23 Data in Brief, Table 1 / dataset documentation; checked against local folder structure.",
14,1030,ங்,True,"TLFS23 Data in Brief, Table 1 / dataset documentation; checked against local folder structure.",
15,1037,ச்,True,"TLFS23 Data in Brief, Table 1 / dataset documentation; checked against local folder structure.",
16,1035,ஞ்,True,"TLFS23 Data in Brief, Table 1 / dataset documentation; checked against local folder structure.",
17,1024,ட்,True,"TLFS23 Data in Brief, Table 1 / dataset documentation; checked against local folder structure.",
18,1027,ண்,True,"TLFS23 Data in Brief, Table 1 / dataset documentation; checked against local folder structure.",
19,1034,த்,True,"TLFS23 Data in Brief, Table 1 / dataset documentation; checked against local folder structure.",
20,1035,ந்,True,"TLFS23 Data in Brief, Table 1 / dataset documentation; checked against local folder structure.",
21,1042,ப்,True,"TLFS23 Data in Brief, Table 1 / dataset documentation; checked against local folder structure.",
22,973,ம்,True,"TLFS23 Data in Brief, Table 1 / dataset documentation; checked against local folder structure.",
23,1026,ய்,True,"TLFS23 Data in Brief, Table 1 / dataset documentation; checked against local folder structure.",
24,1012,ர்,True,"TLFS23 Data in Brief, Table 1 / dataset documentation; checked against local folder structure.",
25,974,ல்,True,"TLFS23 Data in Brief, Table 1 / dataset documentation; checked against local folder structure.",
26,1004,வ்,True,"TLFS23 Data in Brief, Table 1 / dataset documentation; checked against local folder structure.",
27,1019,ழ்,True,"TLFS23 Data in Brief, Table 1 / dataset documentation; checked against local folder structure.",
28,973,ள்,True,"TLFS23 Data in Brief, Table 1 / dataset documentation; checked against local folder structure.",
29,993,ற்,True,"TLFS23 Data in Brief, Table 1 / dataset documentation; checked against local folder structure.",
30,986,ன்,True,"TLFS23 Data in Brief, Table 1 / dataset documentation; checked against local folder structure.",
31,973,க,True,"TLFS23 Data in Brief, Table 1 / dataset documentation; checked against local folder structure.",
32,1016,கா,True,"TLFS23 Data in Brief, Table 1 / dataset documentation; checked against local folder structure.",
33,1008,கி,True,"TLFS23 Data in Brief, Table 1 / dataset documentation; checked against local folder structure.",
34,1017,கீ,True,"TLFS23 Data in Brief, Table 1 / dataset documentation; checked against local folder structure.",
35,1015,கு,True,"TLFS23 Data in Brief, Table 1 / dataset documentation; checked against local folder structure.",
36,1018,கூ,True,"TLFS23 Data in Brief, Table 1 / dataset documentation; checked against local folder structure.",
37,989,கெ,True,"TLFS23 Data in Brief, Table 1 / dataset documentation; checked against local folder structure.",
38,1024,கே,True,"TLFS23 Data in Brief, Table 1 / dataset documentation; checked against local folder structure.",
39,1009,கை,True,"TLFS23 Data in Brief, Table 1 / dataset documentation; checked against local folder structure.",
40,1018,கொ,True,"TLFS23 Data in Brief, Table 1 / dataset documentation; checked against local folder structure.",
41,1029,கோ,True,"TLFS23 Data in Brief, Table 1 / dataset documentation; checked against local folder structure.",
42,1007,கௌ,True,"TLFS23 Data in Brief, Table 1 / dataset documentation; checked against local folder structure.",
43,992,ங,True,"TLFS23 Data in Brief, Table 1 / dataset documentation; checked against local folder structure.",
44,997,ஙா,True,"TLFS23 Data in Brief, Table 1 / dataset documentation; checked against local folder structure.",
45,1016,ஙி,True,"TLFS23 Data in Brief, Table 1 / dataset documentation; checked against local folder structure.",
46,1016,ஙீ,True,"TLFS23 Data in Brief, Table 1 / dataset documentation; checked against local folder structure.",
47,1036,ஙு,True,"TLFS23 Data in Brief, Table 1 / dataset documentation; checked against local folder structure.",
48,1013,ஙூ,True,"TLFS23 Data in Brief, Table 1 / dataset documentation; checked against local folder structure.",
49,987,ஙெ,True,"TLFS23 Data in Brief, Table 1 / dataset documentation; checked against local folder structure.",
50,997,ஙே,True,"TLFS23 Data in Brief, Table 1 / dataset documentation; checked against local folder structure.",
51,998,ஙை,True,"TLFS23 Data in Brief, Table 1 / dataset documentation; checked against local folder structure.",
52,995,ஙொ,True,"TLFS23 Data in Brief, Table 1 / dataset documentation; checked against local folder structure.",
53,1003,ஙோ,True,"TLFS23 Data in Brief, Table 1 / dataset documentation; checked against local folder structure.",
54,1000,ஙௌ,True,"TLFS23 Data in Brief, Table 1 / dataset documentation; checked against local folder structure.",
55,1016,ச,True,"TLFS23 Data in Brief, Table 1 / dataset documentation; checked against local folder structure.",
56,1002,சா,True,"TLFS23 Data in Brief, Table 1 / dataset documentation; checked against local folder structure.",
57,1012,சி,True,"TLFS23 Data in Brief, Table 1 / dataset documentation; checked against local folder structure.",
58,1019,சீ,True,"TLFS23 Data in Brief, Table 1 / dataset documentation; checked against local folder structure.",
59,1024,சு,True,"TLFS23 Data in Brief, Table 1 / dataset documentation; checked against local folder structure.",
60,1013,சூ,True,"TLFS23 Data in Brief, Table 1 / dataset documentation; checked against local folder structure.",
61,970,செ,True,"TLFS23 Data in Brief, Table 1 / dataset documentation; checked against local folder structure.",
62,1001,சே,True,"TLFS23 Data in Brief, Table 1 / dataset documentation; checked against local folder structure.",
63,989,சை,True,"TLFS23 Data in Brief, Table 1 / dataset documentation; checked against local folder structure.",
64,1008,சொ,True,"TLFS23 Data in Brief, Table 1 / dataset documentation; checked against local folder structure.",
65,1006,சோ,True,"TLFS23 Data in Brief, Table 1 / dataset documentation; checked against local folder structure.",
66,995,சௌ,True,"TLFS23 Data in Brief, Table 1 / dataset documentation; checked against local folder structure.",
67,982,ஞ,True,"TLFS23 Data in Brief, Table 1 / dataset documentation; checked against local folder structure.",
68,970,ஞா,True,"TLFS23 Data in Brief, Table 1 / dataset documentation; checked against local folder structure.",
69,963,ஞி,True,"TLFS23 Data in Brief, Table 1 / dataset documentation; checked against local folder structure.",
70,995,ஞீ,True,"TLFS23 Data in Brief, Table 1 / dataset documentation; checked against local folder structure.",
71,975,ஞு,True,"TLFS23 Data in Brief, Table 1 / dataset documentation; checked against local folder structure.",
72,965,ஞூ,True,"TLFS23 Data in Brief, Table 1 / dataset documentation; checked against local folder structure.",
73,980,ஞெ,True,"TLFS23 Data in Brief, Table 1 / dataset documentation; checked against local folder structure.",
74,988,ஞே,True,"TLFS23 Data in Brief, Table 1 / dataset documentation; checked against local folder structure.",
75,972,ஞை,True,"TLFS23 Data in Brief, Table 1 / dataset documentation; checked against local folder structure.",
76,982,ஞொ,True,"TLFS23 Data in Brief, Table 1 / dataset documentation; checked against local folder structure.",
77,968,ஞோ,True,"TLFS23 Data in Brief, Table 1 / dataset documentation; checked against local folder structure.",
78,967,ஞௌ,True,"TLFS23 Data in Brief, Table 1 / dataset documentation; checked against local folder structure.",
79,980,ட,True,"TLFS23 Data in Brief, Table 1 / dataset documentation; checked against local folder structure.",
80,993,டா,True,"TLFS23 Data in Brief, Table 1 / dataset documentation; checked against local folder structure.",
81,994,டி,True,"TLFS23 Data in Brief, Table 1 / dataset documentation; checked against local folder structure.",
82,1006,டீ,True,"TLFS23 Data in Brief, Table 1 / dataset documentation; checked against local folder structure.",
83,977,டு,True,"TLFS23 Data in Brief, Table 1 / dataset documentation; checked against local folder structure.",
84,975,டூ,True,"TLFS23 Data in Brief, Table 1 / dataset documentation; checked against local folder structure.",
85,973,டெ,True,"TLFS23 Data in Brief, Table 1 / dataset documentation; checked against local folder structure.",
86,977,டே,True,"TLFS23 Data in Brief, Table 1 / dataset documentation; checked against local folder structure.",
87,992,டை,True,"TLFS23 Data in Brief, Table 1 / dataset documentation; checked against local folder structure.",
88,976,டொ,True,"TLFS23 Data in Brief, Table 1 / dataset documentation; checked against local folder structure.",
89,983,டோ,True,"TLFS23 Data in Brief, Table 1 / dataset documentation; checked against local folder structure.",
90,982,டௌ,True,"TLFS23 Data in Brief, Table 1 / dataset documentation; checked against local folder structure.",
91,996,ண,True,"TLFS23 Data in Brief, Table 1 / dataset documentation; checked against local folder structure.",
92,966,ணா,True,"TLFS23 Data in Brief, Table 1 / dataset documentation; checked against local folder structure.",
93,979,ணி,True,"TLFS23 Data in Brief, Table 1 / dataset documentation; checked against local folder structure.",
94,977,ணீ,True,"TLFS23 Data in Brief, Table 1 / dataset documentation; checked against local folder structure.",
95,1012,ணு,True,"TLFS23 Data in Brief, Table 1 / dataset documentation; checked against local folder structure.",
96,987,ணூ,True,"TLFS23 Data in Brief, Table 1 / dataset documentation; checked against local folder structure.",
97,973,ணெ,True,"TLFS23 Data in Brief, Table 1 / dataset documentation; checked against local folder structure.",
98,991,ணே,True,"TLFS23 Data in Brief, Table 1 / dataset documentation; checked against local folder structure.",
99,970,ணை,True,"TLFS23 Data in Brief, Table 1 / dataset documentation; checked against local folder structure.",
100,984,ணொ,True,"TLFS23 Data in Brief, Table 1 / dataset documentation; checked against local folder structure.",
101,990,ணோ,True,"TLFS23 Data in Brief, Table 1 / dataset documentation; checked against local folder structure.",
102,996,ணௌ,True,"TLFS23 Data in Brief, Table 1 / dataset documentation; checked against local folder structure.",
103,991,த,True,"TLFS23 Data in Brief, Table 1 / dataset documentation; checked against local folder structure.",
104,987,தா,True,"TLFS23 Data in Brief, Table 1 / dataset documentation; checked against local folder structure.",
105,984,தி,True,"TLFS23 Data in Brief, Table 1 / dataset documentation; checked against local folder structure.",
106,979,தீ,True,"TLFS23 Data in Brief, Table 1 / dataset documentation; checked against local folder structure.",
107,971,து,True,"TLFS23 Data in Brief, Table 1 / dataset documentation; checked against local folder structure.",
108,984,தூ,True,"TLFS23 Data in Brief, Table 1 / dataset documentation; checked against local folder structure.",
109,979,தெ,True,"TLFS23 Data in Brief, Table 1 / dataset documentation; checked against local folder structure.",
110,974,தே,True,"TLFS23 Data in Brief, Table 1 / dataset documentation; checked against local folder structure.",
111,965,தை,True,"TLFS23 Data in Brief, Table 1 / dataset documentation; checked against local folder structure.",
112,982,தொ,True,"TLFS23 Data in Brief, Table 1 / dataset documentation; checked against local folder structure.",
113,977,தோ,True,"TLFS23 Data in Brief, Table 1 / dataset documentation; checked against local folder structure.",
114,973,தௌ,True,"TLFS23 Data in Brief, Table 1 / dataset documentation; checked against local folder structure.",
115,968,ந,True,"TLFS23 Data in Brief, Table 1 / dataset documentation; checked against local folder structure.",
116,979,நா,True,"TLFS23 Data in Brief, Table 1 / dataset documentation; checked against local folder structure.",
117,996,நி,True,"TLFS23 Data in Brief, Table 1 / dataset documentation; checked against local folder structure.",
118,972,நீ,True,"TLFS23 Data in Brief, Table 1 / dataset documentation; checked against local folder structure.",
119,974,நு,True,"TLFS23 Data in Brief, Table 1 / dataset documentation; checked against local folder structure.",
120,965,நூ,True,"TLFS23 Data in Brief, Table 1 / dataset documentation; checked against local folder structure.",
121,981,நெ,True,"TLFS23 Data in Brief, Table 1 / dataset documentation; checked against local folder structure.",
122,968,நே,True,"TLFS23 Data in Brief, Table 1 / dataset documentation; checked against local folder structure.",
123,987,நை,True,"TLFS23 Data in Brief, Table 1 / dataset documentation; checked against local folder structure.",
124,986,நொ,True,"TLFS23 Data in Brief, Table 1 / dataset documentation; checked against local folder structure.",
125,973,நோ,True,"TLFS23 Data in Brief, Table 1 / dataset documentation; checked against local folder structure.",
126,970,நௌ,True,"TLFS23 Data in Brief, Table 1 / dataset documentation; checked against local folder structure.",
127,982,ப,True,"TLFS23 Data in Brief, Table 1 / dataset documentation; checked against local folder structure.",
128,966,பா,True,"TLFS23 Data in Brief, Table 1 / dataset documentation; checked against local folder structure.",
129,978,பி,True,"TLFS23 Data in Brief, Table 1 / dataset documentation; checked against local folder structure.",
130,988,பீ,True,"TLFS23 Data in Brief, Table 1 / dataset documentation; checked against local folder structure.",
131,996,பு,True,"TLFS23 Data in Brief, Table 1 / dataset documentation; checked against local folder structure.",
132,1000,பூ,True,"TLFS23 Data in Brief, Table 1 / dataset documentation; checked against local folder structure.",
133,976,பெ,True,"TLFS23 Data in Brief, Table 1 / dataset documentation; checked against local folder structure.",
134,969,பே,True,"TLFS23 Data in Brief, Table 1 / dataset documentation; checked against local folder structure.",
135,982,பை,True,"TLFS23 Data in Brief, Table 1 / dataset documentation; checked against local folder structure.",
136,978,பொ,True,"TLFS23 Data in Brief, Table 1 / dataset documentation; checked against local folder structure.",
137,972,போ,True,"TLFS23 Data in Brief, Table 1 / dataset documentation; checked against local folder structure.",
138,992,பௌ,True,"TLFS23 Data in Brief, Table 1 / dataset documentation; checked against local folder structure.",
139,971,ம,True,"TLFS23 Data in Brief, Table 1 / dataset documentation; checked against local folder structure.",
140,972,மா,True,"TLFS23 Data in Brief, Table 1 / dataset documentation; checked against local folder structure.",
141,973,மி,True,"TLFS23 Data in Brief, Table 1 / dataset documentation; checked against local folder structure.",
142,1041,மீ,True,"TLFS23 Data in Brief, Table 1 / dataset documentation; checked against local folder structure.",
143,981,மு,True,"TLFS23 Data in Brief, Table 1 / dataset documentation; checked against local folder structure.",
144,989,மூ,True,"TLFS23 Data in Brief, Table 1 / dataset documentation; checked against local folder structure.",
145,982,மெ,True,"TLFS23 Data in Brief, Table 1 / dataset documentation; checked against local folder structure.",
146,990,மே,True,"TLFS23 Data in Brief, Table 1 / dataset documentation; checked against local folder structure.",
147,977,மை,True,"TLFS23 Data in Brief, Table 1 / dataset documentation; checked against local folder structure.",
148,985,மொ,True,"TLFS23 Data in Brief, Table 1 / dataset documentation; checked against local folder structure.",
149,977,மோ,True,"TLFS23 Data in Brief, Table 1 / dataset documentation; checked against local folder structure.",
150,964,மௌ,True,"TLFS23 Data in Brief, Table 1 / dataset documentation; checked against local folder structure.",
151,973,ய,True,"TLFS23 Data in Brief, Table 1 / dataset documentation; checked against local folder structure.",
152,975,யா,True,"TLFS23 Data in Brief, Table 1 / dataset documentation; checked against local folder structure.",
153,964,யி,True,"TLFS23 Data in Brief, Table 1 / dataset documentation; checked against local folder structure.",
154,975,யீ,True,"TLFS23 Data in Brief, Table 1 / dataset documentation; checked against local folder structure.",
155,985,யு,True,"TLFS23 Data in Brief, Table 1 / dataset documentation; checked against local folder structure.",
156,994,யூ,True,"TLFS23 Data in Brief, Table 1 / dataset documentation; checked against local folder structure.",
157,988,யெ,True,"TLFS23 Data in Brief, Table 1 / dataset documentation; checked against local folder structure.",
158,969,யே,True,"TLFS23 Data in Brief, Table 1 / dataset documentation; checked against local folder structure.",
159,981,யை,True,"TLFS23 Data in Brief, Table 1 / dataset documentation; checked against local folder structure.",
160,980,யொ,True,"TLFS23 Data in Brief, Table 1 / dataset documentation; checked against local folder structure.",
161,972,யோ,True,"TLFS23 Data in Brief, Table 1 / dataset documentation; checked against local folder structure.",
162,992,யௌ,True,"TLFS23 Data in Brief, Table 1 / dataset documentation; checked against local folder structure.",
163,991,ர,True,"TLFS23 Data in Brief, Table 1 / dataset documentation; checked against local folder structure.",
164,990,ரா,True,"TLFS23 Data in Brief, Table 1 / dataset documentation; checked against local folder structure.",
165,980,ரி,True,"TLFS23 Data in Brief, Table 1 / dataset documentation; checked against local folder structure.",
166,972,ரீ,True,"TLFS23 Data in Brief, Table 1 / dataset documentation; checked against local folder structure.",
167,997,ரு,True,"TLFS23 Data in Brief, Table 1 / dataset documentation; checked against local folder structure.",
168,999,ரூ,True,"TLFS23 Data in Brief, Table 1 / dataset documentation; checked against local folder structure.",
169,976,ரெ,True,"TLFS23 Data in Brief, Table 1 / dataset documentation; checked against local folder structure.",
170,982,ரே,True,"TLFS23 Data in Brief, Table 1 / dataset documentation; checked against local folder structure.",
171,970,ரை,True,"TLFS23 Data in Brief, Table 1 / dataset documentation; checked against local folder structure.",
172,990,ரொ,True,"TLFS23 Data in Brief, Table 1 / dataset documentation; checked against local folder structure.",
173,1007,ரோ,True,"TLFS23 Data in Brief, Table 1 / dataset documentation; checked against local folder structure.",
174,985,ரௌ,True,"TLFS23 Data in Brief, Table 1 / dataset documentation; checked against local folder structure.",
175,1005,ல,True,"TLFS23 Data in Brief, Table 1 / dataset documentation; checked against local folder structure.",
176,969,லா,True,"TLFS23 Data in Brief, Table 1 / dataset documentation; checked against local folder structure.",
177,984,லி,True,"TLFS23 Data in Brief, Table 1 / dataset documentation; checked against local folder structure.",
178,982,லீ,True,"TLFS23 Data in Brief, Table 1 / dataset documentation; checked against local folder structure.",
179,1009,லு,True,"TLFS23 Data in Brief, Table 1 / dataset documentation; checked against local folder structure.",
180,976,லூ,True,"TLFS23 Data in Brief, Table 1 / dataset documentation; checked against local folder structure.",
181,969,லெ,True,"TLFS23 Data in Brief, Table 1 / dataset documentation; checked against local folder structure.",
182,963,லே,True,"TLFS23 Data in Brief, Table 1 / dataset documentation; checked against local folder structure.",
183,963,லை,True,"TLFS23 Data in Brief, Table 1 / dataset documentation; checked against local folder structure.",
184,983,லொ,True,"TLFS23 Data in Brief, Table 1 / dataset documentation; checked against local folder structure.",
185,966,லோ,True,"TLFS23 Data in Brief, Table 1 / dataset documentation; checked against local folder structure.",
186,984,லௌ,True,"TLFS23 Data in Brief, Table 1 / dataset documentation; checked against local folder structure.",
187,984,வ,True,"TLFS23 Data in Brief, Table 1 / dataset documentation; checked against local folder structure.",
188,1004,வா,True,"TLFS23 Data in Brief, Table 1 / dataset documentation; checked against local folder structure.",
189,1012,வி,True,"TLFS23 Data in Brief, Table 1 / dataset documentation; checked against local folder structure.",
190,977,வீ,True,"TLFS23 Data in Brief, Table 1 / dataset documentation; checked against local folder structure.",
191,968,வு,True,"TLFS23 Data in Brief, Table 1 / dataset documentation; checked against local folder structure.",
192,977,வூ,True,"TLFS23 Data in Brief, Table 1 / dataset documentation; checked against local folder structure.",
193,974,வெ,True,"TLFS23 Data in Brief, Table 1 / dataset documentation; checked against local folder structure.",
194,993,வே,True,"TLFS23 Data in Brief, Table 1 / dataset documentation; checked against local folder structure.",
195,1014,வை,True,"TLFS23 Data in Brief, Table 1 / dataset documentation; checked against local folder structure.",
196,984,வொ,True,"TLFS23 Data in Brief, Table 1 / dataset documentation; checked against local folder structure.",
197,1009,வோ,True,"TLFS23 Data in Brief, Table 1 / dataset documentation; checked against local folder structure.",
198,973,வௌ,True,"TLFS23 Data in Brief, Table 1 / dataset documentation; checked against local folder structure.",
199,991,ழ,True,"TLFS23 Data in Brief, Table 1 / dataset documentation; checked against local folder structure.",
200,965,ழா,True,"TLFS23 Data in Brief, Table 1 / dataset documentation; checked against local folder structure.",
201,969,ழி,True,"TLFS23 Data in Brief, Table 1 / dataset documentation; checked against local folder structure.",
202,974,ழீ,True,"TLFS23 Data in Brief, Table 1 / dataset documentation; checked against local folder structure.",
203,1006,ழு,True,"TLFS23 Data in Brief, Table 1 / dataset documentation; checked against local folder structure.",
204,991,ழூ,True,"TLFS23 Data in Brief, Table 1 / dataset documentation; checked against local folder structure.",
205,982,ழெ,True,"TLFS23 Data in Brief, Table 1 / dataset documentation; checked against local folder structure.",
206,973,ழே,True,"TLFS23 Data in Brief, Table 1 / dataset documentation; checked against local folder structure.",
207,979,ழை,True,"TLFS23 Data in Brief, Table 1 / dataset documentation; checked against local folder structure.",
208,1016,ழொ,True,"TLFS23 Data in Brief, Table 1 / dataset documentation; checked against local folder structure.",
209,991,ழோ,True,"TLFS23 Data in Brief, Table 1 / dataset documentation; checked against local folder structure.",
210,982,ழௌ,True,"TLFS23 Data in Brief, Table 1 / dataset documentation; checked against local folder structure.",
211,985,ள,True,"TLFS23 Data in Brief, Table 1 / dataset documentation; checked against local folder structure.",
212,1003,ளா,True,"TLFS23 Data in Brief, Table 1 / dataset documentation; checked against local folder structure.",
213,988,ளி,True,"TLFS23 Data in Brief, Table 1 / dataset documentation; checked against local folder structure.",
214,975,ளீ,True,"TLFS23 Data in Brief, Table 1 / dataset documentation; checked against local folder structure.",
215,978,ளு,True,"TLFS23 Data in Brief, Table 1 / dataset documentation; checked against local folder structure.",
216,975,ளூ,True,"TLFS23 Data in Brief, Table 1 / dataset documentation; checked against local folder structure.",
217,962,ளெ,True,"TLFS23 Data in Brief, Table 1 / dataset documentation; checked against local folder structure.",
218,973,ளே,True,"TLFS23 Data in Brief, Table 1 / dataset documentation; checked against local folder structure.",
219,967,ளை,True,"TLFS23 Data in Brief, Table 1 / dataset documentation; checked against local folder structure.",
220,993,ளொ,True,"TLFS23 Data in Brief, Table 1 / dataset documentation; checked against local folder structure.",
221,998,ளோ,True,"TLFS23 Data in Brief, Table 1 / dataset documentation; checked against local folder structure.",
222,1015,ளௌ,True,"TLFS23 Data in Brief, Table 1 / dataset documentation; checked against local folder structure.",
223,971,ற,True,"TLFS23 Data in Brief, Table 1 / dataset documentation; checked against local folder structure.",
224,976,றா,True,"TLFS23 Data in Brief, Table 1 / dataset documentation; checked against local folder structure.",
225,1014,றி,True,"TLFS23 Data in Brief, Table 1 / dataset documentation; checked against local folder structure.",
226,1033,றீ,True,"TLFS23 Data in Brief, Table 1 / dataset documentation; checked against local folder structure.",
227,1029,று,True,"TLFS23 Data in Brief, Table 1 / dataset documentation; checked against local folder structure.",
228,1017,றூ,True,"TLFS23 Data in Brief, Table 1 / dataset documentation; checked against local folder structure.",
229,1005,றெ,True,"TLFS23 Data in Brief, Table 1 / dataset documentation; checked against local folder structure.",
230,1026,றே,True,"TLFS23 Data in Brief, Table 1 / dataset documentation; checked against local folder structure.",
231,1028,றை,True,"TLFS23 Data in Brief, Table 1 / dataset documentation; checked against local folder structure.",
232,1031,றொ,True,"TLFS23 Data in Brief, Table 1 / dataset documentation; checked against local folder structure.",
233,1023,றோ,True,"TLFS23 Data in Brief, Table 1 / dataset documentation; checked against local folder structure.",
234,1013,றௌ,True,"TLFS23 Data in Brief, Table 1 / dataset documentation; checked against local folder structure.",
235,1023,ன,True,"TLFS23 Data in Brief, Table 1 / dataset documentation; checked against local folder structure.",
236,1022,னா,True,"TLFS23 Data in Brief, Table 1 / dataset documentation; checked against local folder structure.",
237,1033,னி,True,"TLFS23 Data in Brief, Table 1 / dataset documentation; checked against local folder structure.",
238,1016,னீ,True,"TLFS23 Data in Brief, Table 1 / dataset documentation; checked against local folder structure.",
239,1014,னு,True,"TLFS23 Data in Brief, Table 1 / dataset documentation; checked against local folder structure.",
240,1030,னூ,True,"TLFS23 Data in Brief, Table 1 / dataset documentation; checked against local folder structure.",
241,1001,னெ,True,"TLFS23 Data in Brief, Table 1 / dataset documentation; checked against local folder structure.",
242,1010,னே,True,"TLFS23 Data in Brief, Table 1 / dataset documentation; checked against local folder structure.",
243,1027,னை,True,"TLFS23 Data in Brief, Table 1 / dataset documentation; checked against local folder structure.",
244,1018,னொ,True,"TLFS23 Data in Brief, Table 1 / dataset documentation; checked against local folder structure.",
245,1005,னோ,True,"TLFS23 Data in Brief, Table 1 / dataset documentation; checked against local folder structure.",
246,977,னௌ,True,"TLFS23 Data in Brief, Table 1 / dataset documentation; checked against local folder structure.",
247,992,ஃ,True,"TLFS23 Data in Brief, Table 1 / dataset documentation; checked against local folder structure.",
Background,974,__background__,True,"TLFS23 Data in Brief, Table 1 / dataset documentation; checked against local folder structure.",
