character,category,vowel_target,consonant_target
அ,uyir,V01,FIST
ஆ,uyir,V02,FIST
இ,uyir,V03,FIST
ஈ,uyir,V04,FIST
உ,uyir,V05,FIST
ஊ,uyir,V06,FIST
எ,uyir,V07,FIST
ஏ,uyir,V08,FIST
ஐ,uyir,V09,FIST
ஒ,uyir,V10,FIST
ஓ,uyir,V11,FIST
ஔ,uyir,V12,FIST
க்,mei,FIST,C01
ங்,mei,FIST,C02
ச்,mei,FIST,C03
ஞ்,mei,FIST,C04
ட்,mei,FIST,C05
ண்,mei,FIST,C06
த்,mei,FIST,C07
ந்,mei,FIST,C08
ப்,mei,FIST,C09
ம்,mei,FIST,C10
ய்,mei,FIST,C11
ர்,mei,FIST,C12
ல்,mei,FIST,C13
வ்,mei,FIST,C14
ழ்,mei,FIST,C15
ள்,mei,FIST,C16
ற்,mei,FIST,C17
ன்,mei,FIST,C18
க,uyirmei,V01,C01
கா,uyirmei,V02,C01
கி,uyirmei,V03,C01
கீ,uyirmei,V04,C01
கு,uyirmei,V05,C01
கூ,uyirmei,V06,C01
கெ,uyirmei,V07,C01
கே,uyirmei,V08,C01
கை,uyirmei,V09,C01
கொ,uyirmei,V10,C01
கோ,uyirmei,V11,C01
கௌ,uyirmei,V12,C01
ங,uyirmei,V01,C02
ஙா,uyirmei,V02,C02
ஙி,uyirmei,V03,C02
ஙீ,uyirmei,V04,C02
ஙு,uyirmei,V05,C02
ஙூ,uyirmei,V06,C02
ஙெ,uyirmei,V07,C02
ஙே,uyirmei,V08,C02
ஙை,uyirmei,V09,C02
ஙொ,uyirmei,V10,C02
ஙோ,uyirmei,V11,C02
ஙௌ,uyirmei,V12,C02
ச,uyirmei,V01,C03
சா,uyirmei,V02,C03
சி,uyirmei,V03,C03
சீ,uyirmei,V04,C03
சு,uyirmei,V05,C03
சூ,uyirmei,V06,C03
செ,uyirmei,V07,C03
சே,uyirmei,V08,C03
சை,uyirmei,V09,C03
சொ,uyirmei,V10,C03
சோ,uyirmei,V11,C03
சௌ,uyirmei,V12,C03
ஞ,uyirmei,V01,C04
ஞா,uyirmei,V02,C04
ஞி,uyirmei,V03,C04
ஞீ,uyirmei,V04,C04
ஞு,uyirmei,V05,C04
ஞூ,uyirmei,V06,C04
ஞெ,uyirmei,V07,C04
ஞே,uyirmei,V08,C04
ஞை,uyirmei,V09,C04
ஞொ,uyirmei,V10,C04
ஞோ,uyirmei,V11,C04
ஞௌ,uyirmei,V12,C04
ட,uyirmei,V01,C05
டா,uyirmei,V02,C05
டி,uyirmei,V03,C05
டீ,uyirmei,V04,C05
டு,uyirmei,V05,C05
டூ,uyirmei,V06,C05
டெ,uyirmei,V07,C05
டே,uyirmei,V08,C05
டை,uyirmei,V09,C05
டொ,uyirmei,V10,C05
டோ,uyirmei,V11,C05
டௌ,uyirmei,V12,C05
ண,uyirmei,V01,C06
ணா,uyirmei,V02,C06
ணி,uyirmei,V03,C06
ணீ,uyirmei,V04,C06
ணு,uyirmei,V05,C06
ணூ,uyirmei,V06,C06
ணெ,uyirmei,V07,C06
ணே,uyirmei,V08,C06
ணை,uyirmei,V09,C06
ணொ,uyirmei,V10,C06
ணோ,uyirmei,V11,C06
ணௌ,uyirmei,V12,C06
த,uyirmei,V01,C07
தா,uyirmei,V02,C07
தி,uyirmei,V03,C07
தீ,uyirmei,V04,C07
து,uyirmei,V05,C07
தூ,uyirmei,V06,C07
தெ,uyirmei,V07,C07
தே,uyirmei,V08,C07
தை,uyirmei,V09,C07
தொ,uyirmei,V10,C07
தோ,uyirmei,V11,C07
தௌ,uyirmei,V12,C07
ந,uyirmei,V01,C08
நா,uyirmei,V02,C08
நி,uyirmei,V03,C08
நீ,uyirmei,V04,C08
நு,uyirmei,V05,C08
நூ,uyirmei,V06,C08
நெ,uyirmei,V07,C08
நே,uyirmei,V08,C08
நை,uyirmei,V09,C08
நொ,uyirmei,V10,C08
நோ,uyirmei,V11,C08
நௌ,uyirmei,V12,C08
ப,uyirmei,V01,C09
பா,uyirmei,V02,C09
பி,uyirmei,V03,C09
பீ,uyirmei,V04,C09
பு,uyirmei,V05,C09
பூ,uyirmei,V06,C09
பெ,uyirmei,V07,C09
பே,uyirmei,V08,C09
பை,uyirmei,V09,C09
பொ,uyirmei,V10,C09
போ,uyirmei,V11,C09
பௌ,uyirmei,V12,C09
ம,uyirmei,V01,C10
மா,uyirmei,V02,C10
மி,uyirmei,V03,C10
மீ,uyirmei,V04,C10
மு,uyirmei,V05,C10
மூ,uyirmei,V06,C10
மெ,uyirmei,V07,C10
மே,uyirmei,V08,C10
மை,uyirmei,V09,C10
மொ,uyirmei,V10,C10
மோ,uyirmei,V11,C10
மௌ,uyirmei,V12,C10
ய,uyirmei,V01,C11
யா,uyirmei,V02,C11
யி,uyirmei,V03,C11
யீ,uyirmei,V04,C11
யு,uyirmei,V05,C11
யூ,uyirmei,V06,C11
யெ,uyirmei,V07,C11
யே,uyirmei,V08,C11
யை,uyirmei,V09,C11
யொ,uyirmei,V10,C11
யோ,uyirmei,V11,C11
யௌ,uyirmei,V12,C11
ர,uyirmei,V01,C12
ரா,uyirmei,V02,C12
ரி,uyirmei,V03,C12
ரீ,uyirmei,V04,C12
ரு,uyirmei,V05,C12
ரூ,uyirmei,V06,C12
ரெ,uyirmei,V07,C12
ரே,uyirmei,V08,C12
ரை,uyirmei,V09,C12
ரொ,uyirmei,V10,C12
ரோ,uyirmei,V11,C12
ரௌ,uyirmei,V12,C12
ல,uyirmei,V01,C13
லா,uyirmei,V02,C13
லி,uyirmei,V03,C13
லீ,uyirmei,V04,C13
லு,uyirmei,V05,C13
லூ,uyirmei,V06,C13
லெ,uyirmei,V07,C13
லே,uyirmei,V08,C13
லை,uyirmei,V09,C13
லொ,uyirmei,V10,C13
லோ,uyirmei,V11,C13
லௌ,uyirmei,V12,C13
வ,uyirmei,V01,C14
வா,uyirmei,V02,C14
வி,uyirmei,V03,C14
வீ,uyirmei,V04,C14
வு,uyirmei,V05,C14
வூ,uyirmei,V06,C14
வெ,uyirmei,V07,C14
வே,uyirmei,V08,C14
வை,uyirmei,V09,C14
வொ,uyirmei,V10,C14
வோ,uyirmei,V11,C14
வௌ,uyirmei,V12,C14
ழ,uyirmei,V01,C15
ழா,uyirmei,V02,C15
ழி,uyirmei,V03,C15
ழீ,uyirmei,V04,C15
ழு,uyirmei,V05,C15
ழூ,uyirmei,V06,C15
ழெ,uyirmei,V07,C15
ழே,uyirmei,V08,C15
ழை,uyirmei,V09,C15
ழொ,uyirmei,V10,C15
ழோ,uyirmei,V11,C15
ழௌ,uyirmei,V12,C15
ள,uyirmei,V01,C16
ளா,uyirmei,V02,C16
ளி,uyirmei,V03,C16
ளீ,uyirmei,V04,C16
ளு,uyirmei,V05,C16
ளூ,uyirmei,V06,C16
ளெ,uyirmei,V07,C16
ளே,uyirmei,V08,C16
ளை,uyirmei,V09,C16
ளொ,uyirmei,V10,C16
ளோ,uyirmei,V11,C16
ளௌ,uyirmei,V12,C16
ற,uyirmei,V01,C17
றா,uyirmei,V02,C17
றி,uyirmei,V03,C17
றீ,uyirmei,V04,C17
று,uyirmei,V05,C17
றூ,uyirmei,V06,C17
றெ,uyirmei,V07,C17
றே,uyirmei,V08,C17
றை,uyirmei,V09,C17
றொ,uyirmei,V10,C17
றோ,uyirmei,V11,C17
றௌ,uyirmei,V12,C17
ன,uyirmei,V01,C18
னா,uyirmei,V02,C18
னி,uyirmei,V03,C18
னீ,uyirmei,V04,C18
னு,uyirmei,V05,C18
னூ,uyirmei,V06,C18
னெ,uyirmei,V07,C18
னே,uyirmei,V08,C18
னை,uyirmei,V09,C18
னொ,uyirmei,V10,C18
னோ,uyirmei,V11,C18
னௌ,uyirmei,V12,C18
ஃ,ayudha,__NA__,__NA__
__background__,background,__NA__,__NA__
