dataset_folder,vorher,nachher,ausgeschlossen
1,1064,1028,36
10,1055,1027,28
100,1014,984,30
101,1026,990,36
102,1033,996,37
103,1028,991,37
104,1023,987,36
105,1021,984,37
106,1017,979,38
107,1007,971,36
108,1020,984,36
109,1016,979,37
11,1046,1007,39
110,1010,974,36
111,1002,965,37
112,1018,982,36
113,1005,977,28
114,1009,973,36
115,1004,968,36
116,1016,979,37
117,1033,996,37
118,1011,972,39
119,1011,974,37
12,1069,1032,37
120,1003,965,38
121,1018,981,37
122,1005,968,37
123,1015,987,28
124,1022,986,36
125,1009,973,36
126,1008,970,38
127,1020,982,38
128,1004,966,38
129,1017,978,39
13,1056,1019,37
130,1024,988,36
131,1033,996,37
132,1037,1000,37
133,1004,976,28
134,1005,969,36
135,1018,982,36
136,1018,978,40
137,1009,972,37
138,1028,992,36
139,1008,971,37
14,1066,1030,36
140,1009,972,37
141,1011,973,38
142,1079,1041,38
143,1017,981,36
144,1025,989,36
145,1019,982,37
146,1018,990,28
147,1015,977,38
148,1012,985,27
149,1016,977,39
15,1073,1037,36
150,1001,964,37
151,1000,973,27
152,1011,975,36
153,1001,964,37
154,1011,975,36
155,1021,985,36
156,1030,994,36
157,1015,988,27
158,1005,969,36
159,1008,981,27
16,1073,1035,38
160,1016,980,36
161,1011,972,39
162,1030,992,38
163,1018,991,27
164,1019,990,29
165,1007,980,27
166,1000,972,28
167,1024,997,27
168,1027,999,28
169,1006,976,30
17,1061,1024,37
170,1009,982,27
171,1000,970,30
172,1018,990,28
173,1034,1007,27
174,1015,985,30
175,1023,1005,18
176,1007,969,38
177,1021,984,37
178,1019,982,37
179,1046,1009,37
18,1066,1027,39
180,1013,976,37
181,1005,969,36
182,1000,963,37
183,1000,963,37
184,1019,983,36
185,1002,966,36
186,1022,984,38
187,1021,984,37
188,1042,1004,38
189,1049,1012,37
19,1075,1034,41
190,1013,977,36
191,1005,968,37
192,1006,977,29
193,1013,974,39
194,1029,993,36
195,1051,1014,37
196,1020,984,36
197,1046,1009,37
198,1009,973,36
199,1027,991,36
2,1062,1026,36
20,1071,1035,36
200,1002,965,37
201,1006,969,37
202,1010,974,36
203,1034,1006,28
204,1018,991,27
205,1009,982,27
206,1002,973,29
207,1007,979,28
208,1045,1016,29
209,1019,991,28
21,1081,1042,39
210,1002,982,20
211,1015,985,30
212,1040,1003,37
213,1024,988,36
214,1011,975,36
215,1014,978,36
216,1011,975,36
217,1002,962,40
218,1011,973,38
219,1003,967,36
22,1071,973,98
220,1030,993,37
221,1034,998,36
222,1052,1015,37
223,1010,971,39
224,1012,976,36
225,1051,1014,37
226,1069,1033,36
227,1066,1029,37
228,1055,1017,38
229,1033,1005,28
23,1062,1026,36
230,1057,1026,31
231,1064,1028,36
232,1068,1031,37
233,1060,1023,37
234,1049,1013,36
235,1050,1023,27
236,1058,1022,36
237,1060,1033,27
238,1055,1016,39
239,1050,1014,36
24,1071,1012,59
240,1066,1030,36
241,1038,1001,37
242,1047,1010,37
243,1063,1027,36
244,1054,1018,36
245,1042,1005,37
246,1014,977,37
247,1019,992,27
25,1012,974,38
26,1042,1004,38
27,1056,1019,37
28,1048,973,75
29,1029,993,36
3,1061,1026,35
30,1023,986,37
31,1009,973,36
32,1054,1016,38
33,1044,1008,36
34,1053,1017,36
35,1052,1015,37
36,1057,1018,39
37,1027,989,38
38,1062,1024,38
39,1045,1009,36
4,1056,1028,28
40,1057,1018,39
41,1065,1029,36
42,1043,1007,36
43,1030,992,38
44,1036,997,39
45,1052,1016,36
46,1053,1016,37
47,1072,1036,36
48,1049,1013,36
49,1024,987,37
5,1048,1020,28
50,1035,997,38
51,1035,998,37
52,1033,995,38
53,1040,1003,37
54,1036,1000,36
55,1053,1016,37
56,1039,1002,37
57,1048,1012,36
58,1057,1019,38
59,1060,1024,36
6,1025,998,27
60,1050,1013,37
61,1006,970,36
62,1037,1001,36
63,1025,989,36
64,1045,1008,37
65,1042,1006,36
66,1031,995,36
67,1019,982,37
68,1007,970,37
69,1002,963,39
7,1078,1041,37
70,1033,995,38
71,1014,975,39
72,1002,965,37
73,1016,980,36
74,1026,988,38
75,1010,972,38
76,1019,982,37
77,1006,968,38
78,1004,967,37
79,1016,980,36
8,1042,1004,38
80,1029,993,36
81,1032,994,38
82,1042,1006,36
83,1013,977,36
84,1011,975,36
85,1010,973,37
86,1013,977,36
87,1028,992,36
88,1012,976,36
89,1020,983,37
9,1059,1021,38
90,1018,982,36
91,1032,996,36
92,1002,966,36
93,1018,979,39
94,1015,977,38
95,1048,1012,36
96,1023,987,36
97,1009,973,36
98,1027,991,36
99,1008,970,38
Background,1011,974,37
