relative_path,sha256,pixel_sha256,review_context
1/img_042.jpg,54a0bb231f0f8770bea9374ffecabc9db70059132943db68ef35e32365b76fc1,7903f00071eb24a00c8f12ab33a4ace21cf91cf8c541ac22aa1bea869e4fadb1,03_dhash
1/img_047.jpg,f4bcde1d8668be8347aa76c84f8cc8743a38990f68e398eecdfc35e444708d2e,a572d1d1bcdfb727e9b3975ce68a92a22d6df7a0e8d05d9d4a739a32aa132247,03_dhash
1/img_049.jpg,f0395daafce37aa87ff9550600c291b053fcfdee1e22b8a365708cbf395e00d0,05bd6070725e968281ab2e02fb173c664f9a7be875af41139540e6b1a23db350,03_dhash
1/img_056.jpg,a67fe6e7cdb9a5631fa6fb3ecdd7c5d1e55688eba0143acea68403e3cb0ca052,82a539a8112d12616dc78c45bf87886f580d1783047236094998ea75fbf0b762,03_dhash
1/img_072.jpg,e505faa77ac78e5e150a077b66727a867240c76c8f0e5232e01ed0bd9a08e752,e129377899f29512b13b60bb883b6c342d3100b37d2a148322926b6cd319d74a,03_dhash
1/img_097.jpg,d1c80b8431183265299e87b316c3065a362171d6ca1410158305beb79057a4d5,f55cbc78ae2cdbdf0d7c06d3675443995477fc18809758c4569ccabdb1dd4a27,03_dhash
1/img_1001.jpg,079a8ca2eebefc6673af7630268c89157062673dfca05921bb8bf2b76325d679,56a7df3cf7a6fabd0f8c66f1498aaea9ef5b81795afaad28817ccda83239230e,03_dhash
1/img_1044.jpg,5fa967653169069616a484df75cdf75142eb1fd5861dc766b3047704003e2c67,3dbc8399c40f2cdfe1e85df6a6df9a1f5ffe3e11a74e2d612eaf1b03720e97f2,03_dhash
1/img_1057.jpg,d8d1c8d0f45b0691f86e14dc30197c20e40546d5a99b33b193c9e6b4e5e55f5a,f804f93be48a7c0a3b7a2f3918d663c171735163b7b0956518c4a7344351b589,03_dhash
1/img_110.jpg,be8cc903ab469d791e91748bf3c48c7aa7aa81ded1bc3e5ce403c9bf7e776aea,98f8965d373da70e2ec73c551d202204b9cae09e2ea69793a0fcd3740bd858d2,03_dhash
1/img_158.jpg,f594d76e91ba92651f57eb9b6f6cab25b1479cafaa35c614f99ecbe5f773fa18,5aa8c9c048785418ef2bf64448ae042cc0f6f48e57834fce0dd61c69296b6be5,03_dhash
1/img_160.jpg,0060294987730d1cecc8a0a387d62bd0954229543d5ebc0f9bef32b881c90a8c,12108f2dc9d3c08ab8dc10a743c54e0d4200309e8ff899445b2f6d51592d5158,04_mapping
1/img_164.jpg,fbb0f7ed65eb03cd93ca779ae1c9f55362638d22570190bd564ccc7491836f09,80d1614779a8bee8066926b64e5e288685b9bbddaf3231aae31749e20a2f0b6e,03_dhash
1/img_647.jpg,008072b136cc478bf17480599499ced374d119a0c5e9339f41b00bf43ee5c100,9201120a8e00e7a47355a9ddd3e6b1966a4eeb6c1e460faa29899b78fbcd0797,04_mapping
10/img_007.jpg,8f8216a1f8044b2fdb1a6f5d483ddf7712a61758fb2960860ec8d163952d6cd0,743b93193f1d130852a724d483d06cab16fec63f81bec2df8b469b3fe30e4a22,03_dhash
10/img_067.jpg,492d67da638d07e76fce6fe102c5aeee7e188a39c3c434a8d715d3f6a44b0dab,c144f55e5eabad853063e9933990e05ea3659bc578b98e7e05f7d27add39ef39,03_dhash
10/img_069.jpg,ce24ec5f5273a301fe7076b0b08da9a3d1391632687fc01b3bb530a44a50c08e,cb5b41c96ba69ad4533c0bdd8134bf7852aedcf7db2d25af4d3602816118d2da,03_dhash
10/img_083.jpg,003f67feae41c600d60a78f2171963fc9107f54f275ea9f38cbe7231e74dbd1d,94bc769b006e0224b111763ca96e6627a4ef639321fecda01e0366f98762aec5,04_mapping
10/img_085.jpg,aa22120caea71f5d38b9108c836ddd1e88e46484c5571d323586a2a4ff3d5194,8794ed1eeb7d976a0124c0ba2f5597076fa339b54851dde9cce8f99267e9ece9,03_dhash
10/img_088.jpg,38cf9482f51dc773f0aaa3f070c3160c63968ca830b0a424b4c47bb3af9bc96e,722f4bae81d7e94541126c0bf47977ca4e3ea93ffa916d2e279dad206effe1be,03_dhash
10/img_093.jpg,56c932e304760c625239a291f0b3dcb1a9c186433a66cfead17356ac2a6d2963,c5d615d3afbcf12ab757a941a305eddea0ed742ee44c3225d4532f6fbc3b0157,03_dhash
10/img_1029.jpg,a5a5882d01aa8ef9f1339297676a1fa645b2543f697d6ffffe7fa353f97b83e2,b7e293153710e7b7195436bb2572a8aef608f147feedebc53acce54ea20189ab,03_dhash
10/img_1032.jpg,e9ef0aafcb600ca5e415197c00494e438372cba123e1ead0d1ebc39b534fbbcc,ef7f42647036079a47bd2b8499e04fa57d3d7970286d0b2b13aa44a30a8107df,03_dhash
10/img_1037.jpg,5f43708e8bec027fae1fd63f711ad78f73e2cdb24fe971cf778a2b43d6c5c333,0e79cb3f5bbd86f650435bde64d90ba4f1bfb82e9714664f77f41028e46fa0cd,03_dhash
10/img_1054.jpg,17161049ec45c185096558a301dcd19cc3872dc00300e8147b2244487658ac5b,ba25b0c69dc380721767e742aead27962753a6d0eb0801e94545ae0ba6f70cb2,03_dhash
10/img_108.jpg,a2efb85045b5d78ef09b6dff4c42962135c365130134a6872df325318d581fad,c3c3b13b0ae8484c6c7a71d3196c028f1acb1bb302a6c5272c833eec3919167c,03_dhash
10/img_114.jpg,27b6d33e26714e7a38bb340fa61071c44ac4e4b8023cb9ac6ebf12845f90eac5,7147141d0dbb43733624652ba6a954e0191a13a33696966ff25ecd63ca405697,03_dhash
10/img_587.jpg,002009390922a7abd3d3ae9e0a6996eecf4c0c6a9ba7ad96911171b9bf2b47f7,9fa6c6bfdc9dccba1a99ce2db89ba9c3035268036a18ef81249c57f35c10811d,04_mapping
100/img_008.jpg,acb7b2c416cd8dae16abcadc62e8f941942bcb27a03306833d257b024a4c1854,459e4d62a55047c3b75f22aa504d25a05cc029784d76f90cc0f888319450c55d,03_dhash
100/img_026.jpg,74337f52bb0a9bb367b2c39edcc530c01872e2dfc654f1c173d9736133bb4267,038ee93d76d946d80744a13ef1e18241248a90c59d6690fbdef1b856ccf976d8,03_dhash
100/img_027.jpg,983ee34e3e3bcff65d309b722189630c0fdbfec1c99b083305ad540ed2b39453,15f624c0b58e31444e078395ab2f47025141202869a9ba877545bcea6af7e28d,03_dhash
100/img_069.jpg,6e4a8a09611c215e29fd9eb77d36b8c0ea2edddf4f36d4650989357cdae46281,cfd4a32c19737d6ee63424eb39cb493b7e25de006d94790a1be11c27a215fb49,03_dhash
100/img_070.jpg,66e29bc2907d549bb31c70e8946c7cfd234659e2e642b406b7857cf99bbafa42,e7a11f6285c28f53f368828f44ddb674a7b6380bce634227fa4405ca5c8b1991,03_dhash
100/img_079.jpg,a79834793982ecb47eaacb0a17b2dd98756b31b41256866e0dceba91f3109db0,0c4d11f99dad28f1a0462141bbebd7e5223837c2779d763704d765a07cfa3c9f,03_dhash
100/img_094.jpg,b74f9c691ed6929f27b7b5bdc44773bdcdb7333c4f0f44db45140433d196fb73,30ddeb82bb1ef3c89a69c97aa8bace1694b305b4f99bc2d173e53a46f5a63a91,03_dhash
100/img_102.jpg,ffd0c26c3aed511159e8b6bdbeb450ef235eb708d71dc0f00cdc84a3fb3cae48,82287f084aad60f86cbeeab505e70212d97d5530fbba5056cb78c97f128fc3e9,03_dhash
100/img_105.jpg,3e325c48bb8f9ab672aa015ada5a6b772230de26f04cd4f1c43c577f336dcff2,171f441549b92148bf572c82b95b93213966786b39e7a9034fefdfe04f77948f,03_dhash
100/img_117.jpg,f089ac7380472dc59ced45831934b0009ad691f3c019ee3c9f8df5e553d177c6,2fbadfa51ab7329f72794ce3dc6f0e79041a1901b2403320b2b735e01299c704,03_dhash
100/img_121.jpg,8090f0092c032362a50894835a0a9b2e402e2b79df8cdf8787570e7be651891e,8323279e302c2de64a611a7d9109b83cd1fd60105d0fdceebb1c43e76ed602aa,03_dhash
100/img_127.jpg,1dfde0b5131f5eb6545de9a1764d353137d98525ff2452ec6705eb43fb426ce6,8d4714db6923f747e65c294eb3bacade9f0088b5b9f5c9bbc80189d5dbc03eaa,03_dhash
100/img_178.jpg,c8b6fc6ee560537f071206e28f9818e4d8312ccffabfac3717cd54ccd615d947,24d2d76d6f54139ca96f27deef520dff6d10d8db4ae0ccafa36613692aaff214,03_dhash
100/img_179.jpg,d4fd4f6adf2c699aa6850446014556027f4b582d89cecbb2d31236b13c929180,9c5be0086375034dc0d81340bd1ec8046acb93d584cebcb02aaac44c94ba2de1,03_dhash
100/img_188.jpg,43ecc0e3b3e8fc8441e650007fb0f27001f6d603437fe108c26236570b564783,3eed5e9be121d619193d4ba2fc0fcd4a26899d0a6715c93a89caf36eb6b8ff75,03_dhash
100/img_230.jpg,b57da7fbc0f1df11226445727b2a8e511a556ac25baad1250df32e76a2ae89d0,49d7dce63c0cfb467939ef4045756efde4c3e3e503c1f694389d640be2ddbbe1,03_dhash
101/img_006.jpg,6b9d232693deacebbf1ad6036ddb46126316f8a794ed733a27515ec5b1160c9f,9581ff03171f3396b8d7c2182f63e655891d2b5e3dedec6e09581d3d0e51485f,03_dhash
101/img_019.jpg,9e5eb1e3c06f04cb0d3a444d64bb6782f89132c3e0c6ccef8beb90dba0ad4e67,f20d3e7a9c922cc8680e3ab7f88250729cb969dcb4aca3ab0508ccf8ef82c59d,03_dhash
101/img_025.jpg,9be2f34b1ab619ad71bd3090f7ebd6267d6a961cfa2651ab5b413aacf812c85c,6be069298092a2ed6e1b3989057c12e04cd66234cd02177f4a4727b8129b68c4,03_dhash
101/img_039.jpg,06a01129ae7f8f09efd5dda6e3c4ef820c53ad105a87a111532f11b6ba3bb834,48db34f693feb7a323e807f275b42410807b642f6ce1e62b867122555b77bc2e,03_dhash
101/img_040.jpg,5ad4269dd6884e755a36bde988612b44445ef1d0b23d3335482f711eeeb00814,83f4319d7f6289ff46b3712dabe4bd152f2bd98ab8ce81a12057ea9b2f511646,03_dhash
101/img_042.jpg,521becce3d767456d5876ff24dc36a45dfb5c462cd1817c89146b8c607a520cb,8928d447ac185612e012f67e1025e415b6d6f5b0135b522607f41238bd1bffd9,03_dhash
101/img_043.jpg,084156fb91f76b9b1371589feb75f75864f96eb16af3fbc8d42983dad1f9cfde,2d7edf6ff674f2a055c8d6b3f184ed2aaf1d40cdbbe562feb7744bf4bab0fc9f,03_dhash
101/img_079.jpg,564eb91aa49819bc87532cc3eb2f3501fc8702390aebc51784d6b5c6a9bb5d12,9368bfb1a6e3f0abbadeefc600f60086e509d6e65cf8def0c0f3f6f906fb4780,03_dhash
101/img_081.jpg,67cfc5bc357738c3017c8627e9ce1664c8c77fb7a896a2ee4254afbb40d40591,a75474292cb6f751d86feb92cb7fc67196b7a0aa137a8fa2b976aa3b70654eb1,03_dhash
101/img_089.jpg,8b9df688793033f442a13f7eb82d54ee818ec9fa96edf36b7733598ae86f1882,141097ae1bdf15ea2383966cbb0084ae3e03e83d643e870eac1f8274a5a57f43,03_dhash
101/img_095.jpg,478b89495397d373dbf250a4702217079c5132a20828f9f47dcf2194ad6a13e1,374c2779ad17c8683244ea622e2c46422de722ce978f5e3b6461e311f123d09f,03_dhash
101/img_099.jpg,18d478d6a68cbb1e6be0e1acb8eaac15ad54657055d593fa45a1a504aec81729,e22d94b7b4f7e8fdfe8c426e12908e96ad8fdca1feca58d56c90a89456f519a9,03_dhash
101/img_1008.jpg,1a0b60df1dae6ba7ba69ea44fb306e33516fc213cfc4d6885710e4e0443406c8,3f1d0523ec6a124b7adcd141134ee1e47ae39c967dfc4a9b4386d295a4bc4a27,03_dhash
101/img_1011.jpg,7fc4070e2aa7c5863ee88d9bdc3628a3dc8103014a8d6ed62754d45e1f5aaa03,a36b950b54daec24006a52adbf2907a9e099537fce2a3509eff99fb0a172b351,03_dhash
101/img_1016.jpg,e7cbc8311b02dd8472ba2c942c7fcc38188b09a26ce038869202febe5c9f377e,16997beaa598214ea154f6dd47bc74b8728e663e9e564f897c119bc5c661bb49,03_dhash
101/img_1020.jpg,457d15fabdc9b8e379a3ab40127431e4fb6f03d67b663539f755a3b0917d8a34,b9591069763b425813c23e7f253582cdc79473f474ae24c6357f85e854fcdd4a,03_dhash
101/img_112.jpg,ca68231641fe3a6b7eff1e595050cb57663dd9ed174ca044b5c4fd456a2fe8fe,5326a1f902d0bdb4bff7e4c9ceca3435f70c997886322f1bee5d401523025b4b,03_dhash
101/img_117.jpg,c832b9a09cdcdc904396d366c3109769cc596a759adf6cadf4ad839b1b388a1d,2a8cb778f990215dbcbf47afea27cddcc45201f31daa2f55af3c9ce513fdae57,03_dhash
101/img_128.jpg,48311e81af59bab79fd2396d3a5582cf08b5a64f47766b490eb83b6e6aef9767,26b3cef36f38e6a2a075aa7d48b2cd7c05f71eb1348af09c4852a7417a8f1335,03_dhash
101/img_132.jpg,e0d72e59363ff20738b14055700bf94d142dc9911e04284f80148b2ad954109e,c1c8542e42603d1df16a4d27281fc78ce57642338161cadb4f9a09a7cd6e0643,03_dhash
101/img_137.jpg,7bd0a8aacda8a6a52907a68c43e4b24022ec572b5930205209267a9f57c7638a,a0191e9b6f896ee17aa979d1f0e160a9123a9e26cf7faba7ea6dd11439bd13e6,03_dhash
101/img_248.jpg,a184fcc52688b312479336c0cf500bd38ab69869db9107981b952b1eeecfc7fa,889d5201ecf4434824bc2fe6042e420e2ff8a2b7afe649808d1a712d8fa14049,03_dhash
102/img_008.jpg,e51657a5470c3d630dfa03af1786e01782938308de3d842a767da34449ba1bf7,7b6db3550d2e3cd3ea546fb361f9bbe5ddad23e2a1d1656569cdc69429a47fcf,03_dhash
102/img_115.jpg,803a24ce67ffb5e21fe8097077a6037ebc4d9656f49ab28d61deafa96d402dd4,9402b56df8a5f020b97d7d9361930ec48ffdcb5479c10a827ef3e13d53a47174,03_dhash
11/img_355.jpg,0002223367bc2938ce2a2e602433c00e4cef7ce67adda25edaf63111c018464d,8abf6b8938a90a82cd270ba3bf1c83c298baad269e875346ac6bb0ae0c3fb07e,04_mapping
11/img_447.jpg,003e4f6984fd52e637b1311853c856c4228ae72ec8b5d9bb66d50edbb4425403,c298313246f30a0b4747efbbb653f2326e298196e59a1e5c8ce775c7224273bd,04_mapping
12/img_642.jpg,0120a7a3f3bc18d4bf8430ea3335dff365577a540493ac30b663a9ec35ef6b85,e7b84d23578b4705b3a9bb771eedf6fec5c592896c7a894be398218b6ff5009e,04_mapping
12/img_977.jpg,00cca171dfa5d632d6ea003e13d1f9137dc34fc2fde99e0e5689c47d7b703cdf,438cc168340265690f8b140f93854b29a757b21c96e489c8f05b39d5bc4e5fed,04_mapping
13/img_231.jpg,00285974074d5826eb17b111e8194144d9af78b293ecf752c6568fd49fafc83e,def837d771490607c70f8ea6155d0f3ed4e2f20c8f48742075c0e1762ef01e0f,04_mapping
13/img_583.jpg,001f44ef1843023c53eb69f639faa79aee4b6f2c29883b4280a773ff3d6ff05d,5de21938f11ee8b8c2604fe65f876603804fc610952902a31f57ba453d1874c7,04_mapping
14/img_175.jpg,00252faada4daa824b8c9244dbf522b20648560b3af2c3d78b39351b9675edf2,82d2523e7abacf051870cb98ccd1ba0d6242d2060624db899fbb1d96adfa1793,04_mapping
14/img_508.jpg,002674783d2157c75e6c004375fa353a7c1cc91c6881c6f675c9cd2b50c3c6ad,6a995ac7c1b760f21d1b1fb935a8d5399c63a36f6a76ecd606a8cbd45f958dd1,04_mapping
15/img_657.jpg,0045ec36cd0b6094526cc90697b2e97795dbc66acbe2f00f0aa398c0a3b0fd9a,f3547df58cf90ca76a5ad6c6bca12fc655f7b68a3c3575f62d6da21963975008,04_mapping
15/img_877.jpg,00409cb22d354b674024d332c521a4057c5c881d16e85161f4384d0a72ab0e42,858820350527ee409a73b2d502b2fd19c47a5e3fd1cd1762b1f0769aa19f7f3e,04_mapping
157/img_005.jpg,a307079e73da39a008850315ec2a0ad258ab6e25a6fac797384e9ee8b82b3848,415fe6532538d8f412d92c47f21e698a26a872b55d3b6c5fdd5937c0f9eb748f,03_dhash
157/img_030.jpg,faadc39a545cc7d6008eb6fdf5fe728cd43e24394ba41d41a95fd15a603017cf,0193ffb16c5f9365d9f2b923afee3fe4bf0c84bfa85e56c144ccb3f8ad026b25,03_dhash
157/img_049.jpg,3bb523a8e8f9839608743f333dad60c23a1cf3966d4f9a54244c27e24f3f27fc,a438d2c841f6d0eae174fd09d6f00817b61a5ed629b46bf137e70c5549ad4497,03_dhash
157/img_062.jpg,a15ace26b8f364ce28ce61a7999a380369538927b600fb0be337e78bb5a963ec,fa130c0188f913d89b275b85e95356a9d6c1db90c0bc9cbdf9aa11608f14937b,03_dhash
157/img_079.jpg,11f8d3668e6073a2d136c30d068c75095ad8458676f3d32ffce68112590b02c0,45192ea113c1aa7cc5e108d89c61f50790097de81efb22074ad4bbf041293563,03_dhash
157/img_089.jpg,ec547905e2441a6720e33f0a9c8f3c3b0778e9ee477ba8ab1b6069e9446a961f,4d7399e5a5f35e04340445c42d322451849b6e2b7788469be3e4541f4d550eb9,03_dhash
157/img_1010.jpg,22e4b8e4dee5154f58a04de217807462d60a1fc51794a0353fb228963dab9d4d,08cb924442c5b6a26126e1b3ce61626ac2dceb69e11cc69d18de1c68adc7ccf1,03_dhash
157/img_102.jpg,6205c0a8e4df31d71b42a5f93423a8716b62d9d7de86e723e78ce5601f6ec278,523ecfe72b83a712d8794e125ad7fd799d547bec8da727aaa2223106240c38e1,03_dhash
157/img_112.jpg,ec9112a02b95a5bd4674b2b72d3aa66af091e6e587113acc651632285ad8d89a,030c12d003af7ceaca0bc35c2a92aad9b3446515ba4b0417dd11d1ad402c9960,03_dhash
157/img_132.jpg,9c8991a900e825b708306fe5f514a1697b6300156d38294d08ce5f8029633389,589f04cb533be53442cd5005cf079b08c4e144769f6869e372ebbce6776df7b1,03_dhash
157/img_147.jpg,2b27c30638ef06b6e91a9d0c17c5718713a7f250d0f4a1535779acd9eeb33bf2,75002c398e23d7dd5f1dee2463be46c119eab6c81cb9f545bbd1d369e3add39b,03_dhash
157/img_160.jpg,4963243dc8c17d8325d567035739d8554da8275136dd37d334780a0b0f0f447b,5199b96d782817210468d981f40523a8c946365373ffcecae1dde46f5fff4424,03_dhash
157/img_173.jpg,728b2446faa289c53ed21f27a3f4e5dad39316267a17c2c427c26f6a0359e309,ace5bcbff12ed9077266660096b7ff8f12790aa3f8d8278ecf1f5efcf5db0844,03_dhash
157/img_183.jpg,9384b6d3fde95cc36e91589f50179f03cc642b637d3e294fd8ebce3b5cd1ca5c,68e817642c22e0e68e986744d28711564b452060407060f3c2ea2d3b7551cd82,03_dhash
158/img_006.jpg,5cb81d37dc2a6f99e58678e0f0850a1c118bb5b19a14744e69951275d781cad4,1381de2f35995f8dc3edb20ed0c4825e2dd420808297dae61e580c6a67babb1d,03_dhash
158/img_055.jpg,8b8c350b8003df7167ec9889362027ccf10d434245338aa72c69bb613a200ce9,1725352b5c872eb0ab8a5278ca1f5e2c21b349f48980c30b7d0c7c9bfe7d8a5f,03_dhash
158/img_073.jpg,eb2b4033aa0de4d0a4f2dbfabab5479805b74dc8556aac1ecbc0016ff4006f84,28a54f0eac099bf134321cfdbfc676e26373a9d1937579ec7a9fb7fe70393e8b,03_dhash
158/img_085.jpg,13163f5d18729380b82cdaaf07a0756b365be54fab1491c94095b7285248558d,2efadc619070b34147ae2229e4acdfa6d90a2eb6322027c17d04ad2a6798955c,03_dhash
158/img_089.jpg,8b5d7a8129c1a35bbea531d1dd3c6dae7e71f67cc20a37c2f42d0b617d20d055,1c9769bef26845b96088f727eac63cea477e6ce0e2a3b4f2f0d4c1f68689cca9,03_dhash
158/img_109.jpg,1a8870a93233f525a630ac0ad5768f9e6edb316f982bc7a87d00d5bb9198bdc7,412f5f3e02413f1c88d6b03e56536ab6803c41fbee020c867e79e3918958b252,03_dhash
158/img_155.jpg,4db1e4edf7cc5f28b0a24ad37babd0db5a57b9ea7ecbd3bfa130ecaa7013d6dc,3cce1413b4881ee9fd5cde8dcb2749232c455246adec96aedb70bee6dfc1675b,03_dhash
158/img_168.jpg,6806ea320ddbd4c4ef543c6102236cca140a3d0c41ec694973afc7662825e0c1,8036a33a3453139a9404451c7160b77d9ac954b5b2959303acc7192d5f7aed0b,03_dhash
158/img_177.jpg,bae5cb313cceab24c72b2e6f933eb8f115ab5d6819693ddab656fe99d2f404dd,bf0f6692a79cc3ef511045e23aa9fcb3dfdf29b9c424469f66e52de1cdce79b8,03_dhash
158/img_181.jpg,04cd5647ea62b55214702fe640cd3f884717737d895e9c99e35c8771f6fec1c8,390e12deaabcd3164720c21bea738c839726c93db85efe30a77d35740af0c73d,03_dhash
16/img_176.jpg,001a55d54d89341919ab827a30df1c6083df29c73b9f1fcd56b88075e0e25167,9d3496ef68baf133c14f4279eea89cf541674990e2996f72fb08ac749b7dd180,04_mapping
16/img_500.jpg,0057c913d2bb7712c4a9cc5bf8961ad4e42a81711b08d66974c89e2d16369508,fcf56f027c4e2b82ff8690abbf77a0b7004e805c62d1669cd34c5f055f2aa5cc,04_mapping
170/img_066.jpg,2cb8edc8123f3689101e2de65329427fc4438855c1635634d3e4aa5ae53295e5,00be84b2913494f080f0931b2228244f58129b34e8a0deea942bd2934adff590,03_identical
170/img_175.jpg,2cb8edc8123f3689101e2de65329427fc4438855c1635634d3e4aa5ae53295e5,00be84b2913494f080f0931b2228244f58129b34e8a0deea942bd2934adff590,03_identical
2/img_878.jpg,00ca4da3c853981d5886fb60be022c818c60f7cbc6c91c008fa7153a78b59559,d9cd75e47109eb786ccef1f86dd8d95bf7ee3bed8b7849bb0f81a1b771946fce,04_mapping
2/img_976.jpg,00ff8b5ed187d93b1f7645b8a3e6b4c2de99ea125e7822d77b13035d3f371fcb,e0c2ff5aa0d0d1a78694d48da959d0de96214c4559b322627b37516e6a59b34c,04_mapping
215/img_001.jpg,870910b8f1ba21da1472e5608315f36138afe9fc233abc344048230b155ac569,7b78f01011310302a8339b7cf638d8d3b9992bdfca2452247d50ef615dfd3081,03_dhash
215/img_004.jpg,86a9fd6295097ad34e6ad3f479d394851016833498496c7b5540176981de491a,a0ef54e862eaed5579af5ca44b5ca96d4684556b97f59c4b6b8ca2f4ec1b9c37,03_dhash
215/img_014.jpg,bd034c5afc7d92d058cc242b1b1d21350d12d0ce4f81bd0015866ccd6de32f7e,31ed4e5d711f8db5ecf292d6a81ddc3f6b76e3c6d6d3a9cf171402571848d062,03_dhash
215/img_018.jpg,8a2e6b0af7e10d868681779986bdd715d473658d350910cc33e8f164ca5e845d,58c556c5a0e82203318e824b907fb873165e385d2a712f658571f1ad8b2a3c33,03_dhash
215/img_027.jpg,74699820f8632e26f8bbb100a1cea3e4ed37ced42ba7ffd69a2761829b321935,289879ba8d457c1d7d75e7129a4740d3477a90725986e7a151ff5ab91843f1f2,03_dhash
215/img_050.jpg,fa3364f8bbdada79eebb82abd6a1f51abbea192fde0785d6658938d7f62bc680,348efda981dcc6590a6afae50442726cb6571200f23821d2ea09d8b67689579e,03_dhash
215/img_063.jpg,43a4f9bad6112a98bb45052120fb88f02b379f60e5f68eb6f2eb7db395d428d2,f234904dca55a89b84ccfaa22cfaf6a122408fcc3050133864aaa55568ab51da,03_dhash
215/img_064.jpg,0cf9122d24abcacd45bf0ca61e7a51e58dc4b9c122aa57a0d2d20cd57534377f,d55e6eb3a1c2bb7b0ff71b3ba147651973831f0f81fab781264162c557262cf4,03_dhash
215/img_065.jpg,b274bc228ae61aa1617c36e9e8d45dc4eec87143128079705d85c07ed11f85e5,17fa455eab2039d60fd92f9f5cf90771963893ec2fe8b130f6bf54ccfd038550,03_dhash
215/img_090.jpg,217e2e9890e86e0cb703118dc982a0a28f7ebc74a362fa12ce2c119ad1e6508f,60bba898856813c62c2ad68aee94502829a9051581873b9d28e5e4c265064d26,03_dhash
215/img_093.jpg,0cafdf924da44d1677bbabfd12fc8884f19d923f302ff28dfa2a2196d730ba06,3c6dc5d9bcc06d25edeaf36627c30531ce07d7e25871e6c437e0339692f7c9c6,03_dhash
215/img_099.jpg,536264b2d38914bf5b93d61426d3a751d780909fed8385e3b3bdc734ea52f88d,4043fc2323dc8d46efb94aafb4242d44d60658ceee40488d0c10174a61336a8e,03_dhash
215/img_1003.jpg,57ae19ae863e29655ddd52ffe8dfb2515e5d0a4c3af1d7014dbb153d37eecf1f,13fedd04b10cd636910834dbf13f21d8c982ec4bb3a208ab82e0ef824f3d70fd,03_dhash
215/img_1009.jpg,fe9c0749105c4257978b9bbf6589506df4e075bac2fd7f808646ffe1d862116e,d8326e1107cd4d066a34892fcedea50d2ea43c3d5997868ba0c8162bb12d7d12,03_dhash
215/img_104.jpg,b3aa820a8d23edcade8d00c441421b5e6c79c72cd5daa751129e91154d3037d5,3305e5922b37f5df9549d9078bbaa43ffb888ef06e92846528249d27268f17c4,03_dhash
215/img_119.jpg,ccf88ecf3e3b1dd844c7fd47b250c06e3c38b2e07d7b05b127a1c6c3555889ab,ef409b15ac15aaad77b509dc6f76d670d9bad0ea65aab0d90a5e4818428b223e,03_dhash
215/img_121.jpg,4495de07fceb5d7ff577d95e0c8d8d0a20bcf85d99fc818ecc6f3bc2ea293a96,46c2bcfd8454606752b18841949e023fbc1e555a1c978bc7f305b7fac1ecda5c,03_dhash
215/img_129.jpg,ca8f187e32ecf7db636b75f5803f2af525a07b1c6b1e69ae3652ab301a5ca67a,b25d864fcaffe30093893520f4fb72a5fcb921ed5fd701c6c9e3223c9a01aefe,03_dhash
215/img_174.jpg,8e84e8824a007dbd89c5bb0028a8c6ef877c0379f954d9a5f7faf0894e8a2723,14d4b1bffac7d5c5f81b172429a0bc46451550661b619cf90b0dcdfb7dfcb24e,03_dhash
215/img_176.jpg,17b2209988c7814562b0ad37eb0355251c23d2df20e80932ffa21d75d4a4570a,54f0a3105e9d639425cfc691f1094da08709d3d2b14f502774959e6f79884dd9,03_dhash
215/img_177.jpg,3885b71f59cec2ceaa5fb0e447e3258af7d20da1b53788a801bb7b44a8a34022,54351af20fce84f6116149f7b9ecef04c99d22a84b33e0ad5ec17417e90a8d51,03_dhash
215/img_202.jpg,13f41624af003d07c1207d61d82f374f82b800ff6971d830c705179c2d15d600,0996e9691a3c3e07ea5d4f16c4a70ad11952a2053efc91aedf4efd1f2bb911e1,03_dhash
216/img_023.jpg,5621b4573b1bc81e6b0b1b6af5cca609ca78efa9bbd3d8cff17b0652ec46fdc1,2a04f686dcf11c447f76d72757236fb277ae508b981c5344655b77bcfc4a2516,03_dhash
216/img_135.jpg,86e37c45e9fce313939c96f6827a7f34537b71f65a5512c95e63389c772af30d,c04893c8891eac6139c4a1594e8ded0b992c66e5b121af83929ab0339ea89ec9,03_dhash
22/img_059.jpg,d422e26fe1d5e9dd5e7748e4f167e2bd9eddcb4286c90ea15347b6a693607a98,000aa5dfe49f6c6b3defd2a1d10fc980cf1ac9a87964227500d805ec0caa8f62,03_identical
220/img_081.jpg,e466f80bcfd799077c3982641ed13be9f372c2a53992a3d5cafdcf5333720f61,339a22786d39fee1eae7f0586a1817e3d69ba32f2dd2192fea03df95d616ab81,03_dhash
220/img_1006.jpg,dc487b5c6bba0ecc2161ed916925b56425cb62ec77bb0eaaf4f5c566f5414bbb,fb061ebd56656290d1b38b2231b2c556b3f70ce5e7307440209f4a58a77ba747,03_dhash
221/img_003.jpg,48473c0007be52f4c418428b05b19f504352114d7f9a8198a09e9cca8051ff2f,b582f367b616c0b481da16df6237ec0dee2de2f0a65d3b1e2205974df2ef9629,03_dhash
221/img_037.jpg,31e2e94e046b040e76d643e2a22cfb06c231e90865ec684bbb81ded769bb8f1b,db372cbf95a564f4e67cf3c53f13f777a8e231e14018b7a74f3c524d229cebb7,03_dhash
221/img_060.jpg,fe68e71fbd938b50c6249a20eea01ad164607ae7005fe0b48f12108263aa7047,978292c6d9926afb104e3983d9262a6e1410b4701cad1f1c6ef592833ca47d5d,03_dhash
221/img_094.jpg,c1d160be0f9350154150d20e819b8098006907d852cc08f86a8696a14c13862e,c3d1ffe0b66483fecc6f9299a9ecbf944ab315ab1f99fb1138c916eedc15f589,03_dhash
221/img_1020.jpg,8ec7d24dcd1a563a6697311fe3d77a7fc93ce091c90d4b38609b9f0f23d735f7,8839fb3cdf07cd70d545d881df38a319b6e317a4e98aaa2ca2a28ca7d5211b4c,03_dhash
221/img_140.jpg,a0207ec9b851e69dd8b92872e717385db0ede0e35e4c690a5a767dac5013a466,92b608b3cad21de8714321df035e7b43d10dc543fbcd1851d168aafaee8da46f,03_dhash
221/img_153.jpg,ddd34b6fdd1eac624a39199b4d817b0dfee97464553c00a77a90a5b1775fd4a0,407f95378b7514afe57577ea9ab8f6fe111a220432489d19e0786d5b714d53a3,03_dhash
221/img_174.jpg,9ce1e3ab70f6ae0fd76f2501ec21bcaf06f04b6d9e9a55acfc6328d22f3bdfc1,743547effe5f47ed852ec39a516659540d7807d20c0299542329f9b7380d955c,03_dhash
222/img_038.jpg,f3fd58274541203932a98899b209bca9cdd997131b62c67701fae414ae8c687b,90b2c5b9ef730a5454cf08a1fb1ab64c8b20434f09318a94c3b58f6f7a781682,03_dhash
222/img_069.jpg,d0f19aad429209b405de63eb2cf29f4ce0d2e9619246d08b8bfc917a37529f13,87a642b2965a4da21cdec5249c652f21d65e72d8f86b7a58bebc3c8137958219,03_dhash
222/img_093.jpg,b35ae633017ba1a8b6d166dc4fecabb7ed46ca7f43e1fcf5165c90765f88a810,33b896ea669f8b3f863737c29a870db562f556df144596677a14f77fed6d3400,03_dhash
222/img_094.jpg,b683f07e8d23cda404bacd9ffceca72b63d204cf0a5abb92cedd19508332f7e7,f37c3ac26fd600758d5231a6bd9b20015394cf5f48845b28158e951b32f31250,03_dhash
222/img_1017.jpg,fae03e12ae74b9318d4c062ca440f01e14613e7c347a52ed308bcd26e4d25979,04f0055bd9257fd6651bf0a16976a8dcf199b67d48fa566d033bb2796d76a089,03_dhash
222/img_1047.jpg,2c325f8548b82300d60cf65810369525974c0a3515b055c7e9f3b73a8c587bf5,09638b0fad71be97d10e452d0bcd088157c10e6125882413aeff4d92316a4691,03_dhash
222/img_1048.jpg,6c2719df7da74893e5b2a4fbcb30632761e706fd046672981d08cabecbee990b,fa4e66ec55736dd9c1d945bf18a516c4cb0ab7cbc56767f8e3b9dee7d876f4e9,03_dhash
222/img_133.jpg,c8f300a4dde4836780687c2ed0f07d412a2187fb96750803370e35208fc71fce,818bbe2a101c66dd0a23f57c3325908cd52e5d5922ca921bc97c94ecec7d581d,03_dhash
223/img_030.jpg,246fb02a1384ab1ecfdfcaad035c9e100c3402a295d0502cfba6054d3700a742,b750da712a83280360b45718230792ecdb5f541ec56c8ea8d04b074722fb79de,03_dhash
223/img_144.jpg,19341f535157229c51540fa3d36405552fef8ef92b3835eb06a5210ec6453b85,3484d70393fbf4539db9c0956e4c2ff3d805e8f9c9845b3c9899039e2a1cfabb,03_dhash
24/img_059.jpg,d422e26fe1d5e9dd5e7748e4f167e2bd9eddcb4286c90ea15347b6a693607a98,000aa5dfe49f6c6b3defd2a1d10fc980cf1ac9a87964227500d805ec0caa8f62,03_identical
247/img_484.jpg,0052ea17a8a4f07230754073edd8fdd7152b1d5114e8730949c66189a8414882,1d8353d835b6092cdd0dd5d26326a4e92077c4b88229e95341599bf795aef133,04_mapping
247/img_816.jpg,0011af8dc9633fadfbdf7996da50990cb10863bd74c4b2b84c856ec252228247,30b3840afe6f941e75dd784d7b3edbd6a6eb5b71b06738067735ae69972eaaa3,04_mapping
3/img_284.jpg,0018928ab17496639333e20c50da590cf6ea3e75583e18cd4b796d4f2d7ae86a,6121f3eb2d6af02e8fcfeabf93c6fccb9783b9e88dee8c079fba2363b0173b05,04_mapping
3/img_523.jpg,003b9f2e7f4b2f8bc5a2be61eecee554a353fed050013a76b5de0654fca86afa,caccfc5744690cf68efd52e99773df4cb5ba35245381dd957049d21acfd21a18,04_mapping
31/img_528.jpg,002427c3547d7a179107b495546f502e342516bcfb6efa2fb324aceb0ef53f0a,db0e1699b671fb41e4f10c8b760ceb493682d714a1e85fb093b5672bff39958d,04_mapping
31/img_871.jpg,002aff96884b21eba078349ed3a5abe7e65211e6ab935b3eeffebbb9cec296d0,f5a4d45e57b395f3d4a115ab19f1e683f8111caab5eb01427b2094621b3b0157,04_mapping
32/img_720.jpg,00718a28d48f1bb07a2e785d510a8beb8334cd526b637d66db3cc339a4a4dfe4,99d27ae5a8b925ccb3ed1c705e79d5466d034f549019637a166ae99b7100ccb2,04_mapping
32/img_903.jpg,00b279cbb526af092062fd510704c6edcba2d11a838261da92b95d1dc74a62f1,fb1b54450db184f3c5b28874629c53eb0eeb95de1d8e19caa31555952bbc9ebe,04_mapping
4/img_592.jpg,00c444bfae1ad0f73b7e68462e849731a282a1b26ca9c0e8026c157288d95729,7ce4d7c6a9fd139d1efd6d2a4dc0044c239a5e76a022a08aa1ab08a2362a8622,04_mapping
4/img_675.jpg,0065c04fcd86067f8c46a370f5cc7a355e06ab72f76fd335507b0b7f39d7cdd6,ebb4ce6558f921b9084de5b493f2dea8da862e89d7f7d20b957637319049f42b,04_mapping
5/img_078.jpg,009723c10e45344f2d53ea2b28162b21531c351671bf9ad48c3a84bc7d10524b,e25ccaa74306b1724e71d4132a6a0a81feaf6e8acc2787a21cfeb7f5764ebe7b,04_mapping
5/img_290.jpg,003a0f2c4e9809ab8e2cd26e98b50004510cd2459b241a219e4b50c55ff23b4a,a6093e1e628ff512459504d990c7e499538e88e281923fc9be38cb4910b9dbcd,04_mapping
6/img_005.jpg,00660447f5acabdc79d474e1f0a3ef355724de2c6301b31bb197569c4274a1d0,f738d9bd9ee3e05ee62707cb162e0e2d88824def037e45656036731ace00c668,04_mapping
6/img_745.jpg,00a95a2169c531e89d3ef070300300cd5ad5223d153a421183a8c94561743edb,a2cd792791818e6aeea5d96b87ca677c39a7f62d711ada6a2d4f928febbe6d4d,04_mapping
7/img_727.jpg,002500c582b16326045f18cfe3f413503fb8c5fdabc11f1a28f9d2e7c1418bda,bd964cef045f2413b48f1f5716433a8a630638a83cd5e2cef41be7e5ea8599ca,04_mapping
7/img_906.jpg,0038d3e597caa7f4e98e50f20ff85d5a8b5dbd35bf8e3683f867b551adc5fa8e,e444850bd19de7bcaf8fb9498f713c9a57f5ab6802cfc1370a273d9a597bee7f,04_mapping
8/img_328.jpg,00326e0c7de62ee4581d326649886055a3a43beb97a25a0e139e948af2cd107f,b749228425993f54aa4208a40da6c335278a2709fc032536f7ceb20aab15784b,04_mapping
8/img_438.jpg,0025259551fd931c6f3a05c45243d88bdbb811f5ed97994db3c60b37aca87cb5,4d0dfd683cc9e71451a666b3ac5c9f2b755e26f6f99eb42a2c59bbd31de6921c,04_mapping
9/img_196.jpg,0052d5b2a252a4cf55159a24cc5eea765d82f8d19b66ea5cbd83308132fd1cb0,3a01cedffd152d45e863728fbb9aa7c79a1ac7a7379a8da786176fcf2d313301,04_mapping
9/img_922.jpg,011962ea84b90d12db2d0a5178aa169ca8695044fbc447860f7da4c7490683a7,8138639f3197516fe3a116c82f78ca895e8e7b1c0156d15ab927fb4566df68e2,04_mapping
Background/img_076.jpg,004020e2e69833322d56d7d70aab635579388dc913ae80b2c85a4e6abdda7ecf,f1780d195ddf0562080f56b67a339d637d1ef6d5adb9e2865c1f2d889d2e03a7,04_mapping
Background/img_339.jpg,00278effc103b1ee3727ba2fa1a56b27e484514ed51668b9f9cf49b021ce714f,bf5d38e71112c8fc27da7b2e680e11cf255300a6a5600df281599049fc3e327e,04_mapping
