dataset_folder,n_images,size_bytes,extensions,size_mib
1,1064,42100623,.jpg,40.15
2,1062,41818024,.jpg,39.88
3,1061,42092335,.jpg,40.14
4,1056,41857446,.jpg,39.92
5,1048,41567533,.jpg,39.64
6,1025,40379437,.jpg,38.51
7,1078,42689243,.jpg,40.71
8,1042,41130543,.jpg,39.23
9,1059,41552130,.jpg,39.63
10,1055,41711647,.jpg,39.78
11,1046,41277277,.jpg,39.37
12,1069,41995555,.jpg,40.05
13,1056,41466922,.jpg,39.55
14,1066,41652690,.jpg,39.72
15,1073,42244978,.jpg,40.29
16,1073,42323812,.jpg,40.36
17,1061,41839441,.jpg,39.9
18,1066,41783314,.jpg,39.85
19,1075,42580482,.jpg,40.61
20,1071,42234397,.jpg,40.28
21,1081,42349031,.jpg,40.39
22,1071,42074708,.jpg,40.13
23,1062,41680403,.jpg,39.75
24,1071,42200449,.jpg,40.25
25,1012,39771592,.jpg,37.93
26,1042,41021970,.jpg,39.12
27,1056,41565005,.jpg,39.64
28,1048,41136047,.jpg,39.23
29,1029,40610409,.jpg,38.73
30,1023,40370603,.jpg,38.5
31,1009,39693251,.jpg,37.85
32,1054,41129001,.jpg,39.22
33,1044,40721119,.jpg,38.83
34,1053,41277798,.jpg,39.37
35,1052,41111216,.jpg,39.21
36,1057,41654663,.jpg,39.72
37,1027,40167649,.jpg,38.31
38,1062,41772008,.jpg,39.84
39,1045,40955346,.jpg,39.06
40,1057,41413215,.jpg,39.49
41,1065,41958880,.jpg,40.02
42,1043,41004876,.jpg,39.11
43,1030,40339989,.jpg,38.47
44,1036,40633488,.jpg,38.75
45,1052,41217861,.jpg,39.31
46,1053,41716073,.jpg,39.78
47,1072,42363376,.jpg,40.4
48,1049,41522004,.jpg,39.6
49,1024,40601846,.jpg,38.72
50,1035,40926168,.jpg,39.03
51,1035,40875716,.jpg,38.98
52,1033,40537303,.jpg,38.66
53,1040,41088273,.jpg,39.18
54,1036,40767481,.jpg,38.88
55,1053,41599972,.jpg,39.67
56,1039,41281759,.jpg,39.37
57,1048,41626190,.jpg,39.7
58,1057,42024084,.jpg,40.08
59,1060,42222629,.jpg,40.27
60,1050,41789541,.jpg,39.85
61,1006,39860457,.jpg,38.01
62,1037,41320485,.jpg,39.41
63,1025,40825827,.jpg,38.93
64,1045,41419046,.jpg,39.5
65,1042,41401665,.jpg,39.48
66,1031,41054244,.jpg,39.15
67,1019,40566794,.jpg,38.69
68,1007,39819062,.jpg,37.97
69,1002,39727237,.jpg,37.89
70,1033,40759638,.jpg,38.87
71,1014,39874210,.jpg,38.03
72,1002,39858941,.jpg,38.01
73,1016,39929483,.jpg,38.08
74,1026,40445100,.jpg,38.57
75,1010,39700486,.jpg,37.86
76,1019,39738263,.jpg,37.9
77,1006,39278246,.jpg,37.46
78,1004,39338612,.jpg,37.52
79,1016,39919108,.jpg,38.07
80,1029,40465838,.jpg,38.59
81,1032,40730380,.jpg,38.84
82,1042,41267571,.jpg,39.36
83,1013,39956062,.jpg,38.11
84,1011,39941687,.jpg,38.09
85,1010,39804985,.jpg,37.96
86,1013,40009878,.jpg,38.16
87,1028,40373565,.jpg,38.5
88,1012,39676205,.jpg,37.84
89,1020,40208206,.jpg,38.35
90,1018,40157967,.jpg,38.3
91,1032,40720774,.jpg,38.83
92,1002,39560554,.jpg,37.73
93,1018,40270922,.jpg,38.41
94,1015,40095595,.jpg,38.24
95,1048,41633568,.jpg,39.7
96,1023,40634513,.jpg,38.75
97,1009,39875603,.jpg,38.03
98,1027,40871439,.jpg,38.98
99,1008,39919540,.jpg,38.07
100,1014,40224324,.jpg,38.36
101,1026,40392820,.jpg,38.52
102,1033,40948250,.jpg,39.05
103,1028,40739380,.jpg,38.85
104,1023,40437494,.jpg,38.56
105,1021,40361929,.jpg,38.49
106,1017,40444741,.jpg,38.57
107,1007,39727515,.jpg,37.89
108,1020,40350985,.jpg,38.48
109,1016,40260120,.jpg,38.4
110,1010,40032401,.jpg,38.18
111,1002,39810836,.jpg,37.97
112,1018,40119860,.jpg,38.26
113,1005,40004390,.jpg,38.15
114,1009,39998738,.jpg,38.15
115,1004,39864065,.jpg,38.02
116,1016,40155247,.jpg,38.3
117,1033,41124255,.jpg,39.22
118,1011,40199349,.jpg,38.34
119,1011,40158751,.jpg,38.3
120,1003,39716670,.jpg,37.88
121,1018,40196259,.jpg,38.33
122,1005,39936837,.jpg,38.09
123,1015,39911748,.jpg,38.06
124,1022,40356896,.jpg,38.49
125,1009,39780977,.jpg,37.94
126,1008,39652399,.jpg,37.82
127,1020,40297792,.jpg,38.43
128,1004,39646704,.jpg,37.81
129,1017,40297163,.jpg,38.43
130,1024,40731974,.jpg,38.85
131,1033,40885816,.jpg,38.99
132,1037,40810389,.jpg,38.92
133,1004,39708186,.jpg,37.87
134,1005,39930967,.jpg,38.08
135,1018,40230006,.jpg,38.37
136,1018,39926177,.jpg,38.08
137,1009,39886820,.jpg,38.04
138,1028,40523412,.jpg,38.65
139,1008,39852350,.jpg,38.01
140,1009,39957531,.jpg,38.11
141,1011,40046241,.jpg,38.19
142,1079,42883921,.jpg,40.9
143,1017,40313130,.jpg,38.45
144,1025,40903279,.jpg,39.01
145,1019,40501989,.jpg,38.63
146,1018,40374034,.jpg,38.5
147,1015,40122288,.jpg,38.26
148,1012,40227882,.jpg,38.36
149,1016,40050515,.jpg,38.2
150,1001,39586083,.jpg,37.75
151,1000,39831233,.jpg,37.99
152,1011,39950674,.jpg,38.1
153,1001,39775541,.jpg,37.93
154,1011,40354057,.jpg,38.48
155,1021,40638054,.jpg,38.76
156,1030,41059494,.jpg,39.16
157,1015,40333842,.jpg,38.47
158,1005,40031666,.jpg,38.18
159,1008,40323397,.jpg,38.46
160,1016,40227226,.jpg,38.36
161,1011,40026755,.jpg,38.17
162,1030,40975536,.jpg,39.08
163,1018,40388610,.jpg,38.52
164,1019,40137811,.jpg,38.28
165,1007,40175814,.jpg,38.31
166,1000,40155517,.jpg,38.3
167,1024,40584813,.jpg,38.7
168,1027,40752637,.jpg,38.86
169,1006,39736733,.jpg,37.9
170,1009,39717920,.jpg,37.88
171,1000,39220916,.jpg,37.4
172,1018,39701092,.jpg,37.86
173,1034,40351343,.jpg,38.48
174,1015,39660113,.jpg,37.82
175,1023,39593807,.jpg,37.76
176,1007,38626534,.jpg,36.84
177,1021,39779904,.jpg,37.94
178,1019,39786605,.jpg,37.94
179,1046,40409885,.jpg,38.54
180,1013,39954334,.jpg,38.1
181,1005,39919347,.jpg,38.07
182,1000,39422344,.jpg,37.6
183,1000,39205207,.jpg,37.39
184,1019,40269819,.jpg,38.4
185,1002,39358037,.jpg,37.53
186,1022,40400486,.jpg,38.53
187,1021,39946344,.jpg,38.1
188,1042,40662755,.jpg,38.78
189,1049,40915556,.jpg,39.02
190,1013,40213748,.jpg,38.35
191,1005,39787606,.jpg,37.94
192,1006,39509459,.jpg,37.68
193,1013,40026160,.jpg,38.17
194,1029,40766299,.jpg,38.88
195,1051,41566988,.jpg,39.64
196,1020,40117381,.jpg,38.26
197,1046,41277084,.jpg,39.36
198,1009,39768468,.jpg,37.93
199,1027,40539857,.jpg,38.66
200,1002,39269185,.jpg,37.45
201,1006,39443173,.jpg,37.62
202,1010,39728122,.jpg,37.89
203,1034,40494633,.jpg,38.62
204,1018,40041867,.jpg,38.19
205,1009,39549604,.jpg,37.72
206,1002,39261944,.jpg,37.44
207,1007,39524710,.jpg,37.69
208,1045,40580638,.jpg,38.7
209,1019,39632200,.jpg,37.8
210,1002,39157769,.jpg,37.34
211,1015,39546905,.jpg,37.71
212,1040,40748547,.jpg,38.86
213,1024,40669541,.jpg,38.79
214,1011,39964805,.jpg,38.11
215,1014,40204933,.jpg,38.34
216,1011,40182331,.jpg,38.32
217,1002,39599873,.jpg,37.77
218,1011,40006635,.jpg,38.15
219,1003,39400540,.jpg,37.58
220,1030,40669174,.jpg,38.79
221,1034,40996157,.jpg,39.1
222,1052,41192186,.jpg,39.28
223,1010,40005540,.jpg,38.15
224,1012,40086411,.jpg,38.23
225,1051,41444750,.jpg,39.52
226,1069,42347043,.jpg,40.39
227,1066,42238621,.jpg,40.28
228,1055,41871723,.jpg,39.93
229,1033,40947261,.jpg,39.05
230,1057,41847561,.jpg,39.91
231,1064,42097623,.jpg,40.15
232,1068,42136707,.jpg,40.18
233,1060,41808893,.jpg,39.87
234,1049,41482672,.jpg,39.56
235,1050,41509370,.jpg,39.59
236,1058,41716407,.jpg,39.78
237,1060,42169277,.jpg,40.22
238,1055,42001933,.jpg,40.06
239,1050,41759953,.jpg,39.83
240,1066,42439288,.jpg,40.47
241,1038,41234316,.jpg,39.32
242,1047,41495844,.jpg,39.57
243,1063,42224533,.jpg,40.27
244,1054,41643285,.jpg,39.71
245,1042,41071221,.jpg,39.17
246,1014,40100068,.jpg,38.24
247,1019,40624767,.jpg,38.74
Background,1011,38242152,.jpg,36.47
