category,variant,n_images,n_two_hands,n_one_hand,n_no_hand,n_errors,median_ms,p95_ms,two_hand_rate,configuration
ayudha,original,20,13,5,2,0,30.62445786781609,32.60457089636475,0.65,standard
background,original,20,1,2,17,0,12.572687468491495,30.612922529689968,0.05,standard
mei,original,20,15,3,2,0,30.947957886382937,35.02743754070252,0.75,standard
uyir,original,20,9,6,5,0,28.23443745728582,31.72702210722491,0.45,standard
uyirmei,original,60,40,14,6,0,31.304666423238814,34.321981284301714,0.6666666666666666,standard
ayudha,original,20,14,5,1,0,30.325937434099615,31.68763406574726,0.7,sensitive
background,original,20,1,3,16,0,12.114145909436047,30.14609004603699,0.05,sensitive
mei,original,20,16,3,1,0,30.412354040890932,31.992512848228216,0.8,sensitive
uyir,original,20,9,6,5,0,30.35783360246569,50.0788649194874,0.45,sensitive
uyirmei,original,60,41,13,6,0,30.317833530716598,32.04830379690975,0.6833333333333333,sensitive
ayudha,original,20,14,5,1,0,33.15968799870461,54.07106012571603,0.7,retry
background,original,20,1,3,16,0,29.163395520299673,54.60097150644289,0.05,retry
mei,original,20,16,3,1,0,33.07102096732706,49.05925036873669,0.8,retry
uyir,original,20,10,5,5,0,33.21514546405524,57.82946473918855,0.5,retry
uyirmei,original,60,43,11,6,0,34.0716460486874,53.29775866121053,0.7166666666666667,retry
